date,open,close,high,low,volume,amount,pct_change,turnover
2022-01-04,57.16,54.1,57.4,53.75,206735,2333429424.0,-2.92,3.01
2022-01-05,53.35,50.75,53.39,50.48,195548,2076011648.0,-6.19,2.85
2022-01-06,50.42,50.8,51.31,49.85,125663,1315549200.0,0.1,1.83
2022-01-07,50.68,51.13,52.04,49.86,157980,1661822592.0,0.65,2.3
2022-01-10,51.03,50.12,51.34,49.4,146262,1518902208.0,-1.98,2.13
2022-01-11,50.34,48.9,51.22,48.45,143484,1470932752.0,-2.43,2.09
2022-01-12,50.15,51.0,51.2,49.8,173335,1811630048.0,4.29,2.53
2022-01-13,51.0,49.88,51.11,49.75,103733,1075472224.0,-2.2,1.51
2022-01-14,49.16,51.07,51.7,49.16,127177,1330325152.0,2.39,1.85
2022-01-17,50.5,51.69,52.43,50.41,143617,1521597376.0,1.21,2.09
2022-01-18,50.9,48.08,50.9,47.29,386326,3872694752.0,-6.98,5.63
2022-01-19,48.15,46.02,48.26,45.55,239912,2300675920.0,-4.28,3.5
2022-01-20,46.02,46.27,46.8,45.57,159230,1523949792.0,0.54,2.32
2022-01-21,45.79,47.23,48.23,45.59,146560,1433417680.0,2.07,2.14
2022-01-24,46.9,48.9,49.73,46.49,143792,1440770768.0,3.54,2.1
2022-01-25,48.92,47.83,49.85,47.73,108228,1090420288.0,-2.19,1.58
2022-01-26,47.83,47.44,48.83,46.9,74558,735246272.0,-0.82,1.09
2022-01-27,47.95,46.94,49.1,46.9,123440,1226932720.0,-1.05,1.8
2022-01-28,47.15,45.51,47.9,44.99,121666,1162211600.0,-3.05,1.77
2022-02-07,46.9,46.98,48.5,46.08,120037,1170582880.0,3.23,1.75
2022-02-08,46.66,44.32,46.9,43.41,130310,1198853824.0,-5.66,1.9
2022-02-09,44.63,44.39,44.67,42.75,127169,1154687456.0,0.16,1.85
2022-02-10,44.8,43.15,44.86,42.76,104590,936420832.0,-2.79,1.52
2022-02-11,42.8,41.9,43.9,41.77,154106,1364062288.0,-2.9,2.25
2022-02-14,41.75,42.0,42.78,41.41,113581,989676272.0,0.24,1.65
2022-02-15,41.97,43.95,44.0,41.97,156677,1406354688.0,4.64,2.28
2022-02-16,44.35,43.67,44.35,42.98,96140,871069232.0,-0.64,1.4
2022-02-17,43.67,46.86,47.9,43.26,238461,2281384848.0,7.3,3.47
2022-02-18,46.84,45.4,46.91,45.2,150407,1427079184.0,-3.12,2.19
2022-02-21,45.6,45.47,46.14,44.84,110605,1038191072.0,0.15,1.61
2022-02-22,45.2,45.89,46.33,44.56,141100,1330261744.0,0.92,2.06
2022-02-23,45.78,48.23,48.99,45.67,217025,2146490096.0,5.1,3.16
2022-02-24,47.9,48.69,50.13,47.55,254186,2572155216.0,0.95,3.7
2022-02-25,49.51,49.21,50.16,48.77,150322,1531705728.0,1.07,2.19
2022-02-28,49.39,51.5,51.8,48.91,213029,2236878768.0,4.65,3.1
2022-03-01,52.15,51.05,52.52,50.14,195713,2069547120.0,-0.87,2.85
2022-03-02,50.53,48.22,50.84,47.64,211738,2120131696.0,-5.54,3.09
2022-03-03,48.15,48.24,48.71,47.19,138589,1381882544.0,0.04,2.02
2022-03-04,46.49,45.65,47.81,45.4,183735,1759426928.0,-5.37,2.68
2022-03-07,45.45,43.1,45.45,42.85,160917,1460798800.0,-5.59,2.34
2022-03-08,43.13,42.95,44.32,41.54,166742,1493215872.0,-0.35,2.43
2022-03-09,43.2,42.18,43.49,39.91,157720,1365027280.0,-1.79,2.3
2022-03-10,46.14,46.56,46.56,44.81,138620,1319342480.0,10.38,2.02
2022-03-11,46.3,47.86,48.15,45.66,290796,2823083792.0,2.79,4.24
2022-03-14,46.7,46.28,47.4,46.25,138981,1343193616.0,-3.3,2.02
2022-03-15,46.26,46.45,49.08,45.4,196263,1919405744.0,0.37,2.86
2022-03-16,48.14,48.96,49.4,46.79,241016,2398390192.0,5.4,3.51
2022-03-17,50.9,50.83,52.63,49.9,261227,2765530400.0,3.82,3.81
2022-03-18,50.35,49.84,51.38,49.06,117765,1209142928.0,-1.95,1.72
2022-03-21,50.15,50.78,51.94,49.4,124158,1301535472.0,1.89,1.81
2022-03-22,51.95,50.14,51.95,49.43,145324,1512840960.0,-1.26,1.53
2022-03-23,50.58,49.16,50.75,48.6,133574,1364989680.0,-1.95,1.4
2022-03-24,49.15,48.9,49.4,47.33,119414,1193973200.0,-0.53,1.25
2022-03-25,49.0,46.79,49.23,46.6,119413,1172285920.0,-4.31,1.25
2022-03-28,45.8,45.25,47.17,44.68,119239,1125823360.0,-3.29,1.25
2022-03-29,46.15,46.4,47.58,45.45,130275,1257771984.0,2.54,1.37
2022-03-30,46.68,47.99,48.38,45.91,133876,1320309552.0,3.43,1.41
2022-03-31,47.59,45.4,47.63,45.31,132879,1260180608.0,-5.4,1.39
2022-04-01,44.96,46.41,47.59,44.88,131159,1264792224.0,2.22,1.37
2022-04-06,47.4,44.45,47.4,43.85,139267,1286377360.0,-4.22,1.46
2022-04-07,44.16,44.18,45.06,43.49,94882,868361008.0,-0.61,0.99
2022-04-08,44.05,43.38,44.9,43.29,101572,921142960.0,-1.81,1.06
2022-04-11,42.77,41.13,42.77,40.91,131061,1129540208.0,-5.19,1.37
2022-04-12,40.9,41.5,41.81,40.4,122595,1047402656.0,0.9,1.28
2022-04-13,41.5,40.54,42.3,40.49,145145,1241785408.0,-2.31,1.52
2022-04-14,41.2,40.56,41.9,40.33,138829,1179084000.0,0.05,1.45
2022-04-15,41.0,39.18,41.1,38.48,238594,1956621424.0,-3.4,2.49
2022-04-18,38.9,39.63,40.11,37.52,170346,1373817680.0,1.15,1.78
2022-04-19,39.9,40.0,40.8,39.64,135332,1129807616.0,0.93,1.41
2022-04-20,40.32,37.9,40.35,37.85,143957,1157066192.0,-5.25,1.5
2022-04-21,37.62,36.73,38.35,36.6,130405,1012638400.0,-3.09,1.36
2022-04-22,36.01,35.4,36.73,35.38,123001,920506368.0,-3.62,1.28
2022-04-25,34.28,32.88,35.06,32.85,164870,1172094304.0,-7.12,1.72
2022-04-26,33.08,31.9,33.3,31.72,135739,925201632.0,-2.98,1.42
2022-04-27,31.56,34.5,34.83,31.09,249544,1734046816.0,8.15,2.61
2022-04-28,34.15,34.24,35.08,33.41,179600,1287291344.0,-0.75,1.88
2022-04-29,34.61,35.86,35.98,33.41,251785,1833825232.0,4.73,2.63
2022-05-05,35.15,35.92,36.48,34.75,190237,1418064512.0,0.17,1.99
2022-05-06,34.72,35.08,35.97,34.48,116850,859351840.0,-2.34,1.22
2022-05-09,35.34,35.22,36.03,34.99,102608,759278960.0,0.4,1.07
2022-05-10,35.14,35.65,36.05,34.13,180443,1336759504.0,1.22,1.88
2022-05-11,35.8,38.03,39.35,35.5,302789,2390108096.0,6.68,3.16
2022-05-12,37.4,37.35,37.77,36.81,185356,1442809520.0,-1.79,1.94
2022-05-13,37.65,36.93,37.85,36.77,148827,1151079008.0,-1.12,1.55
2022-05-16,37.25,36.13,37.65,36.05,284434,1080402416.0,-2.17,1.48
2022-05-17,36.15,37.51,38.02,35.66,441294,1695851712.0,3.82,2.3
2022-05-18,37.51,39.41,40.95,37.26,583298,2360725488.0,5.07,3.04
2022-05-19,38.6,40.0,40.07,38.25,473261,1924421648.0,1.5,2.47
2022-05-20,40.25,39.75,40.55,39.26,413547,1698816256.0,-0.63,2.16
2022-05-23,39.8,39.75,40.03,38.95,307627,1257304128.0,0.0,1.61
2022-05-24,39.74,37.51,39.74,37.4,397017,1585245424.0,-5.64,2.07
2022-05-25,37.36,36.88,38.05,36.54,336367,1290758288.0,-1.68,1.76
2022-05-26,37.26,36.51,37.38,36.15,302367,1149875632.0,-1.0,1.58
2022-05-27,36.84,36.36,37.62,36.05,295780,1130096528.0,-0.41,1.54
2022-05-30,36.68,36.56,37.25,36.05,288096,1092750752.0,0.55,1.5
2022-05-31,36.54,36.7,36.88,34.91,532891,1979652352.0,0.38,2.78
2022-06-01,36.7,38.7,38.78,35.45,725562,2790937120.0,5.45,3.79
2022-06-02,38.67,40.09,40.23,37.96,829494,3400664576.0,3.59,4.33
2022-06-06,40.65,44.23,44.23,40.55,661627,2939577856.0,10.33,3.45
2022-06-07,45.95,43.33,46.13,42.69,1103403,5038471168.0,-2.03,5.76
2022-06-08,42.65,42.9,43.61,41.43,757446,3332774432.0,-0.99,3.95
2022-06-09,42.06,41.51,42.85,41.18,443042,1917746288.0,-3.24,2.31
2022-06-10,42.58,45.25,45.77,42.16,954847,4341489664.0,9.01,4.98
2022-06-13,44.35,48.51,49.49,44.12,1068587,5139180544.0,7.2,5.58
2022-06-14,47.64,51.81,52.29,47.15,1118478,5755737600.0,6.8,5.84
2022-06-15,52.29,50.1,53.47,50.05,875310,4584680704.0,-3.3,4.57
2022-06-16,49.95,52.09,52.8,49.92,775706,4115432944.0,3.97,4.05
2022-06-17,51.4,56.33,57.35,50.65,955410,5324718592.0,8.14,4.99
2022-06-20,56.41,57.63,61.0,55.65,990449,5904072192.0,2.31,5.17
2022-06-21,57.01,56.22,58.43,54.75,916707,5292074240.0,-2.45,4.79
2022-06-22,56.63,59.22,60.0,56.63,901004,5391456000.0,5.34,4.7
2022-06-23,59.65,59.53,60.15,56.65,854237,5104660992.0,0.52,4.46
2022-06-24,59.24,61.54,63.05,57.65,820918,5063889920.0,3.38,4.29
2022-06-27,61.89,60.89,64.07,60.83,775043,4931183360.0,-1.06,4.05
2022-06-28,62.15,64.6,65.01,61.45,826276,5344429312.0,6.09,4.31
2022-06-29,63.65,60.63,64.45,60.55,802582,5099326464.0,-6.15,4.19
2022-06-30,60.53,60.71,63.03,60.25,581734,3650245264.0,0.13,4.19
2022-07-01,60.15,61.43,61.85,58.65,619328,3823760128.0,1.19,4.47
2022-07-04,60.73,64.65,65.48,60.73,754676,4925736448.0,5.24,5.44
2022-07-05,65.38,65.4,66.53,63.25,601553,3976293664.0,1.16,4.34
2022-07-06,64.84,63.31,64.84,61.95,500680,3239177472.0,-3.2,3.61
2022-07-07,62.65,63.76,65.5,61.08,556454,3601219696.0,0.71,4.01
2022-07-08,64.16,61.16,64.6,61.16,454708,2895372368.0,-4.08,3.28
2022-07-11,60.76,59.77,62.04,58.65,514986,3139746368.0,-2.27,3.71
2022-07-12,59.76,56.66,60.3,55.37,724723,4247186287.16,-5.2,5.23
2022-07-13,57.65,59.3,59.65,56.3,589744,3499590839.45,4.66,4.25
2022-07-14,58.64,59.12,60.65,57.87,496956,3017609670.3,-0.3,3.58
2022-07-15,59.35,57.75,60.5,57.72,436327,2638868195.76,-2.32,3.15
2022-07-18,58.94,57.71,59.33,56.87,421588,2498563432.43,-0.07,3.04
2022-07-19,57.72,56.77,58.1,56.23,399400,2326329843.31,-1.63,2.88
2022-07-20,57.16,56.13,57.45,55.75,354347,2043725145.9,-1.13,2.56
2022-07-21,55.75,54.74,56.54,54.74,342600,1947965923.85,-2.48,2.47
2022-07-22,55.25,53.96,55.53,52.96,389118,2153328291.95,-1.42,2.81
2022-07-25,53.96,53.21,55.01,52.92,318380,1756622879.76,-1.39,2.3
2022-07-26,53.03,53.72,54.86,52.43,360204,1988339006.6,0.96,2.6
2022-07-27,53.72,54.12,54.65,53.09,294645,1628971816.97,0.74,2.12
2022-07-28,54.2,52.53,54.61,51.92,414164,2243565685.54,-2.94,2.99
2022-07-29,52.5,51.03,53.15,51.01,360501,1913330581.5,-2.86,2.6
2022-08-01,50.65,53.65,53.65,50.62,504162,2723121773.11,5.13,3.64
2022-08-02,52.65,51.9,53.9,51.49,443971,2389712559.71,-3.26,3.2
2022-08-03,52.66,50.22,52.98,50.05,418556,2205387861.22,-3.24,3.02
2022-08-04,50.51,50.44,51.53,49.48,323659,1673877531.29,0.44,2.33
2022-08-05,50.64,51.31,51.35,49.77,317868,1652372866.62,1.72,2.29
2022-08-08,50.66,50.98,51.62,50.4,237380,1243751165.49,-0.64,1.71
2022-08-09,50.95,52.67,53.63,50.03,529251,2849427369.12,3.32,3.82
2022-08-10,52.64,51.13,52.93,50.75,372773,1974373968.06,-2.92,2.69
2022-08-11,51.19,54.85,55.11,50.16,702088,3826482221.33,7.28,5.06
2022-08-12,54.78,54.53,56.49,54.48,555766,3155149688.47,-0.58,4.01
2022-08-15,53.75,56.35,56.64,53.73,473759,2716025321.39,3.34,3.42
2022-08-16,56.64,56.43,56.95,55.74,349658,2014143817.18,0.14,2.52
2022-08-17,56.15,54.25,56.2,53.65,479536,2676146385.86,-3.86,3.46
2022-08-18,54.21,53.44,55.5,53.35,368686,2046702542.65,-1.49,2.66
2022-08-19,53.45,50.4,53.55,50.4,507013,2667183491.86,-5.69,3.66
2022-08-22,49.67,52.58,52.82,49.55,422857,2229065587.73,4.33,3.05
2022-08-23,52.25,53.16,54.65,52.05,382760,2099272385.02,1.1,2.76
2022-08-24,53.16,51.1,53.75,50.72,321298,1710133607.18,-3.88,2.32
2022-08-25,51.41,49.54,51.65,48.21,364573,1854337954.29,-3.05,2.63
2022-08-26,49.8,48.93,50.55,48.46,316903,1609408673.52,-1.23,2.29
2022-08-29,48.15,48.03,48.77,47.45,288487,1422041477.02,-1.84,2.08
2022-08-30,48.05,48.65,48.96,47.55,230689,1145091965.36,1.29,1.66
2022-08-31,48.48,46.2,48.63,45.97,357235,1721228291.67,-5.04,2.58
2022-09-01,46.22,45.63,46.64,45.35,217032,1026281451.8,-1.23,1.56
2022-09-02,45.68,45.79,46.75,45.55,214143,1013480782.02,0.35,1.54
2022-09-05,45.53,45.83,46.62,45.45,194342,919606214.81,0.09,1.4
2022-09-06,46.31,46.91,47.33,45.21,336171,1605294334.51,2.36,2.42
2022-09-07,46.62,47.05,48.3,46.44,332036,1614330170.94,0.3,2.4
2022-09-08,47.33,45.92,47.44,45.89,205218,981324212.27,-2.4,1.49
2022-09-09,45.82,47.18,47.65,45.68,300893,1451344097.31,2.74,2.18
2022-09-13,47.31,46.8,47.55,46.65,187294,904865408.15,-0.81,1.36
2022-09-14,45.84,45.48,46.3,45.25,218550,1026252304.86,-2.82,1.58
2022-09-15,45.65,43.66,45.97,43.35,275708,1255373676.0,-4.0,2.0
2022-09-16,43.17,43.25,44.08,42.62,215940,968159577.56,-0.94,1.56
2022-09-19,43.43,44.64,45.45,43.26,281304,1292784514.01,3.21,2.04
2022-09-20,44.87,45.68,46.53,44.72,251240,1186713621.19,2.33,1.82
2022-09-21,45.51,46.65,46.91,44.98,298151,1414294771.01,2.12,2.16
2022-09-22,46.81,45.77,48.05,45.56,328778,1580486739.81,-1.89,2.38
2022-09-23,45.77,45.28,45.83,44.52,239919,1115154346.55,-1.07,1.74
2022-09-26,44.82,45.11,46.35,44.63,193931,909823351.02,-0.38,1.4
2022-09-27,45.1,45.25,45.86,43.79,190906,881247305.57,0.31,1.38
2022-09-28,44.88,42.65,45.23,42.65,203754,910148310.92,-5.75,1.47
2022-09-29,43.64,44.73,45.11,42.96,321641,1471257456.11,4.88,2.33
2022-09-30,44.77,42.71,44.85,42.69,225419,1007688461.28,-4.52,1.63
2022-10-10,42.85,40.25,43.32,40.06,216465,915958939.6,-5.76,1.57
2022-10-11,41.15,44.41,44.41,40.93,502787,2277345720.37,10.34,3.64
2022-10-12,44.26,46.59,46.59,43.65,531803,2460049998.0,4.91,3.85
2022-10-13,45.82,46.57,47.73,45.66,336555,1618774857.73,-0.04,2.44
2022-10-14,47.18,47.14,47.65,46.14,327602,1581581494.38,1.22,2.37
2022-10-17,46.64,46.91,47.52,45.96,246177,1180048896.93,-0.49,1.78
2022-10-18,47.3,46.85,47.77,46.47,223046,1077901908.27,-0.13,1.61
2022-10-19,46.65,46.85,48.65,46.31,360452,1764655789.5,0.0,2.61
2022-10-20,46.33,45.75,46.65,45.13,253149,1194168029.33,-2.35,1.83
2022-10-21,45.58,44.83,45.75,44.5,169765,788416236.41,-2.01,1.23
2022-10-24,45.51,43.86,46.04,43.35,234267,1077258127.05,-2.16,1.7
2022-10-25,43.59,43.65,44.55,42.71,199764,897987379.14,-0.48,1.45
2022-10-26,44.65,43.96,45.02,43.37,228694,1042776830.34,0.71,1.66
2022-10-27,44.05,42.62,44.98,42.61,282846,1269817587.74,-3.05,2.05
2022-10-28,42.34,40.65,42.37,40.55,282377,1200906298.45,-4.62,2.04
2022-10-31,40.25,41.15,41.23,39.55,286193,1193797995.47,1.23,2.07
2022-11-01,40.85,42.91,42.91,40.42,352604,1528359221.12,4.28,2.55
2022-11-02,42.65,42.97,43.7,42.45,258033,1145925663.73,0.14,1.87
2022-11-03,42.65,43.09,43.6,42.54,178307,792823736.79,0.28,1.29
2022-11-04,43.23,46.26,46.55,43.2,468164,2189149398.84,7.36,3.39
2022-11-07,46.73,47.54,48.37,46.66,433774,2122579964.01,2.77,3.14
2022-11-08,48.44,48.26,50.08,47.68,483113,2429400861.81,1.51,3.5
2022-11-09,48.25,47.55,49.14,47.45,251447,1242832539.94,-1.47,1.82
2022-11-10,47.15,45.79,47.65,45.5,249697,1183993435.4,-3.7,1.81
2022-11-11,47.3,46.58,47.75,46.35,252683,1219401039.77,1.73,1.83
2022-11-14,46.58,44.9,46.73,44.53,261595,1224544667.78,-3.61,1.89
2022-11-15,44.71,46.14,46.39,43.97,229938,1073823167.36,2.76,1.66
2022-11-16,45.96,45.17,46.14,45.08,138349,648596912.9,-2.1,1.0
2022-11-17,45.0,43.83,45.01,42.98,277014,1244661131.55,-2.97,2.01
2022-11-18,43.65,43.36,44.85,43.16,182681,827208730.37,-1.07,1.32
2022-11-21,43.35,43.56,43.93,42.66,182385,814336585.47,0.46,1.32
2022-11-22,43.65,42.54,43.65,42.21,207126,913035044.12,-2.34,1.5
2022-11-23,42.51,42.95,43.29,42.15,172860,763602442.98,0.96,1.25
2022-11-24,43.53,44.48,45.07,43.21,345754,1575794910.45,3.56,2.5
2022-11-25,44.08,42.73,44.2,42.65,211818,942031383.44,-3.93,1.53
2022-11-28,41.69,41.96,42.62,41.4,186758,808659968.6,-1.8,1.35
2022-11-29,41.96,43.12,43.5,41.93,180984,798685391.29,2.76,1.31
2022-11-30,43.23,43.61,44.05,42.51,191999,858330406.98,1.14,1.39
2022-12-01,44.65,46.48,47.55,44.6,567922,2706723803.32,6.58,4.11
2022-12-02,46.41,46.8,46.84,45.33,295131,1406553292.48,0.69,2.14
2022-12-05,46.66,45.4,46.95,45.03,267659,1259048907.13,-2.99,1.94
2022-12-06,45.15,48.07,49.87,44.9,576831,2831232373.63,5.88,4.18
2022-12-07,47.66,49.97,50.45,47.65,592091,3019873573.41,3.95,4.29
2022-12-08,49.58,50.2,51.25,49.15,341921,1770580449.12,0.46,2.48
2022-12-09,49.95,49.17,50.46,48.93,377793,1917968272.18,-2.05,2.73
2022-12-12,49.09,49.08,49.8,48.34,219018,1102216661.0,-0.18,1.59
2022-12-13,48.95,47.1,49.02,46.77,312290,1525853805.85,-4.03,2.26
2022-12-14,47.45,46.71,47.5,46.0,244307,1170449121.0,-0.83,1.77
2022-12-15,46.71,47.66,47.94,45.28,350867,1684066050.93,2.03,2.54
2022-12-16,47.05,47.39,48.11,46.89,224343,1096066789.66,-0.57,1.62
2022-12-19,47.58,48.23,49.85,47.5,301405,1511112928.25,1.77,2.18
2022-12-20,47.74,47.85,48.91,47.04,203102,996587075.94,-0.79,1.47
2022-12-21,47.55,47.71,48.58,46.45,187511,918558909.67,-0.29,1.36
2022-12-22,48.15,45.88,48.25,45.53,229955,1100757100.43,-3.84,1.66
2022-12-23,45.43,45.69,46.47,45.07,152475,715634570.29,-0.41,1.1
2022-12-26,45.73,47.27,47.95,45.57,185559,899221438.5,3.46,1.34
2022-12-27,47.3,47.12,47.51,46.76,129883,629043180.77,-0.32,0.94
2022-12-28,46.63,45.68,46.64,45.17,230746,1084757971.91,-3.06,1.67
2022-12-29,45.79,44.79,46.91,44.35,317400,1495129487.38,-1.95,2.3
2022-12-30,45.3,42.51,46.73,42.1,651437,2930649887.94,-5.09,4.72
2023-01-03,42.25,43.07,43.13,41.1,311035,1357041209.52,1.32,2.25
2023-01-04,42.74,41.56,42.85,41.4,350112,1510492615.77,-3.51,2.53
2023-01-05,41.7,43.24,43.95,41.55,436592,1929553428.57,4.04,3.16
2023-01-06,42.82,43.56,44.63,42.65,361535,1628575551.56,0.74,2.62
2023-01-09,43.88,44.78,45.83,43.68,372163,1724262688.73,2.8,2.69
2023-01-10,44.45,45.8,46.65,43.94,367309,1716111450.2,2.28,2.66
2023-01-11,45.81,45.27,46.45,45.16,208080,979322073.26,-1.16,1.51
2023-01-12,45.22,46.27,47.12,45.22,268554,1282488576.9,2.21,1.94
2023-01-13,46.75,47.45,47.9,45.84,364599,1760361578.72,2.55,2.64
2023-01-16,46.5,45.31,46.65,45.24,435345,2051658198.07,-4.51,3.15
2023-01-17,45.15,45.72,46.21,44.93,199071,935653582.67,0.9,1.44
2023-01-18,45.86,45.66,46.7,45.48,181472,859880566.73,-0.13,1.31
2023-01-19,45.26,45.33,45.65,45.04,157062,732053428.55,-0.72,1.14
2023-01-20,45.66,46.23,46.61,45.17,269689,1273044210.85,1.99,1.95
2023-01-30,47.85,47.59,49.45,47.41,518688,2590710629.82,2.94,3.75
2023-01-31,47.59,47.73,48.4,47.45,201566,992233031.79,0.29,1.46
2023-02-01,47.92,48.51,49.15,47.92,272839,1362186891.97,1.63,1.98
2023-02-02,48.55,47.67,48.94,47.36,280687,1385404692.8,-1.73,2.03
2023-02-03,47.63,46.78,47.65,46.2,226017,1087657462.08,-1.87,1.64
2023-02-06,46.45,45.83,46.65,45.65,177824,840131706.92,-2.03,1.29
2023-02-07,45.88,46.1,46.28,45.71,156263,738990324.82,0.59,1.13
2023-02-08,46.07,46.39,46.54,45.74,203410,967734406.21,0.63,1.47
2023-02-09,46.33,46.22,46.37,45.75,184994,876833447.14,-0.37,1.34
2023-02-10,46.23,44.68,46.23,44.59,281724,1311415592.95,-3.33,2.04
2023-02-13,44.65,44.83,45.18,44.34,158372,731208488.32,0.34,1.15
2023-02-14,44.98,45.01,45.39,44.46,161576,745313699.29,0.4,1.17
2023-02-15,45.04,44.42,45.33,44.25,162547,747723817.91,-1.31,1.18
2023-02-16,44.45,43.73,44.82,43.15,228852,1041043969.34,-1.55,1.66
2023-02-17,43.77,42.95,43.95,42.86,198857,886851233.65,-1.78,1.44
2023-02-20,42.8,42.79,42.82,41.71,336645,1466281374.99,-0.37,2.44
2023-02-21,42.83,44.23,44.23,42.45,321977,1445298858.7,3.37,2.33
2023-02-22,43.91,44.11,44.12,43.65,195740,885363797.59,-0.27,1.42
2023-02-23,44.12,44.47,44.88,44.03,175024,801880253.06,0.82,1.27
2023-02-24,44.56,43.61,44.64,43.28,150339,678599827.62,-1.93,1.09
2023-02-27,43.22,43.78,43.82,42.95,122328,549424115.2,0.39,0.89
2023-02-28,44.01,43.64,44.07,43.15,112029,502650481.73,-0.32,0.81
2023-03-01,43.65,43.33,43.71,43.11,140857,628376167.08,-0.71,1.02
2023-03-02,43.45,42.56,43.47,42.33,205546,906181677.84,-1.78,1.49
2023-03-03,42.6,42.7,42.9,42.18,139537,612896484.75,0.33,1.01
2023-03-06,42.81,42.61,42.87,41.95,199024,871019389.51,-0.21,1.44
2023-03-07,42.55,41.95,42.55,41.93,139582,607151357.16,-1.55,1.01
2023-03-08,41.71,42.03,42.2,41.66,85482,370178496.5,0.19,0.62
2023-03-09,42.24,42.61,42.76,41.85,143671,627686268.18,1.38,1.04
2023-03-10,42.45,41.58,42.45,41.55,177717,766439670.89,-2.42,1.29
2023-03-13,41.49,40.15,41.77,39.83,294706,1233641234.51,-3.44,2.13
2023-03-14,40.14,39.53,40.14,38.49,292806,1183577830.11,-1.54,2.12
2023-03-15,39.45,39.48,40.15,39.35,130394,535559287.7,-0.13,0.94
2023-03-16,39.05,37.7,39.25,37.44,289600,1145229889.54,-4.51,2.1
2023-03-17,38.15,37.69,38.53,37.46,204697,804402739.12,-0.03,1.48
2023-03-20,37.71,38.8,39.15,37.05,259961,1034115113.61,2.95,1.88
2023-03-21,38.8,39.11,39.19,38.28,206338,827207694.98,0.8,1.49
2023-03-22,39.2,39.73,40.52,39.19,248519,1027303262.32,1.59,1.8
2023-03-23,39.42,39.59,39.93,39.2,127912,523244072.08,-0.35,0.93
2023-03-24,39.67,39.64,40.22,39.3,167400,689058763.41,0.13,1.21
2023-03-27,39.62,39.99,40.15,38.95,184216,755273805.69,0.88,1.33
2023-03-28,39.99,39.81,40.44,39.7,129440,535032860.18,-0.45,0.94
2023-03-29,39.8,39.65,40.55,39.47,144832,598350493.99,-0.4,1.05
2023-03-30,39.7,40.03,40.09,39.1,164623,675151415.25,0.96,1.19
2023-03-31,40.08,40.61,40.94,39.9,194212,813169773.63,1.45,1.41
2023-04-03,40.57,41.08,41.53,40.26,208775,884158859.39,1.16,1.51
2023-04-04,41.0,39.46,41.01,39.2,264851,1089284256.44,-3.94,1.92
2023-04-06,39.15,39.27,39.42,38.75,125893,508916642.91,-0.48,0.91
2023-04-07,39.22,39.76,40.33,39.16,142962,589593428.55,1.25,1.03
2023-04-10,39.95,41.37,41.53,39.95,305538,1291254708.12,4.05,2.21
2023-04-11,41.14,41.45,41.78,40.99,262546,1123097494.95,0.19,1.9
2023-04-12,41.37,40.74,41.58,40.31,179351,753897223.99,-1.71,1.3
2023-04-13,40.55,40.44,40.95,40.39,123774,518976629.78,-0.74,0.9
2023-04-14,40.48,41.3,42.08,40.35,322321,1381016765.95,2.13,2.33
2023-04-17,41.0,41.66,42.73,40.67,359576,1556984482.95,0.87,2.6
2023-04-18,40.8,43.26,44.09,40.75,617717,2762883176.17,3.84,4.46
2023-04-19,42.84,42.46,43.05,42.05,288987,1266195643.7,-1.85,2.09
2023-04-20,42.33,40.8,42.35,40.12,287756,1214072171.65,-3.91,2.08
2023-04-21,40.7,40.97,42.2,40.25,271806,1158747001.15,0.42,1.96
2023-04-24,40.75,39.29,40.75,38.96,231408,947327972.95,-4.1,1.67
2023-04-25,39.28,37.74,39.59,37.36,232679,913212330.51,-3.95,1.68
2023-04-26,37.5,40.65,41.15,37.25,368888,1520216846.62,7.71,2.67
2023-04-27,40.91,41.6,42.63,40.6,294519,1264995469.34,2.34,2.13
2023-04-28,41.65,41.33,42.18,40.7,227105,968177404.48,-0.65,1.64
2023-05-04,40.9,41.15,42.6,40.89,177547,761504159.46,-0.44,1.28
2023-05-05,41.2,41.18,41.79,40.27,144872,613292080.45,0.07,1.05
2023-05-08,41.53,41.27,42.38,41.18,170474,733143671.62,0.22,1.23
2023-05-09,41.19,40.45,41.27,40.14,136226,570585276.73,-1.99,0.98
2023-05-10,40.45,43.13,43.73,40.12,456193,2005014432.23,6.63,3.3
2023-05-11,42.95,44.12,44.68,42.79,369297,1674688289.17,2.3,2.67
2023-05-12,43.95,43.25,44.75,43.25,198555,895938763.52,-1.97,1.43
2023-05-15,43.41,45.54,46.0,43.25,430075,2007140596.57,5.29,3.11
2023-05-16,45.54,44.84,45.85,44.51,206282,944131462.46,-1.54,1.49
2023-05-17,46.25,45.46,46.93,45.04,268605,1249957374.8,1.38,1.94
2023-05-18,45.21,44.1,45.65,43.85,244356,1102645632.43,-2.99,1.77
2023-05-19,44.1,43.97,44.55,43.81,97212,436115440.53,-0.29,0.7
2023-05-22,43.53,44.42,44.85,42.97,153379,687766954.09,1.02,1.11
2023-05-23,44.55,43.75,44.66,43.69,85993,386109994.95,-1.51,0.62
2023-05-24,43.41,43.41,44.13,43.07,83597,370826393.44,-0.78,0.6
2023-05-25,43.15,43.76,44.16,42.76,108555,481301706.01,0.81,0.78
2023-05-26,44.15,42.05,44.15,41.83,163889,705102292.98,-3.91,1.18
2023-05-29,42.05,40.86,42.21,40.27,190671,792282517.21,-2.83,1.38
2023-05-30,40.75,41.03,41.35,40.24,115274,479217179.51,0.42,0.83
2023-05-31,40.9,40.14,40.93,39.47,191850,781615842.0,-2.17,1.39
2023-06-01,40.07,41.35,42.03,39.35,238940,1003523863.6,3.01,1.73
2023-06-02,41.06,41.92,42.25,40.95,127436,543260100.68,1.38,0.92
2023-06-05,41.77,40.74,41.9,40.64,143222,597038591.62,-2.81,1.03
2023-06-06,40.74,40.58,41.08,40.25,87914,363987450.56,-0.39,0.64
2023-06-07,40.55,39.61,40.85,39.15,177878,719634321.9,-2.39,1.29
2023-06-08,39.7,39.16,40.34,39.03,142706,574044175.0,-1.14,1.03
2023-06-09,39.25,39.28,40.11,39.12,123945,497297867.01,0.31,0.9
2023-06-12,39.29,38.75,39.49,38.08,206798,814618985.7,-1.35,1.49
2023-06-13,38.58,38.4,38.82,38.11,132319,517681390.18,-0.9,0.96
2023-06-14,38.4,38.01,38.63,37.85,161181,627263992.45,-1.02,1.16
2023-06-15,38.01,40.85,41.64,37.67,387342,1575731616.07,7.47,2.8
2023-06-16,40.83,41.05,41.93,40.55,223519,936731717.81,0.49,1.62
2023-06-19,41.05,40.64,41.11,40.17,153990,635823190.63,-1.0,1.11
2023-06-20,40.63,40.23,40.85,39.97,118374,486436689.53,-1.01,0.86
2023-06-21,40.23,39.85,41.04,39.85,135185,557287388.5,-0.94,0.98
2023-06-26,39.15,40.18,40.63,38.93,141266,574640692.6,0.83,1.02
2023-06-27,40.15,39.54,40.62,39.26,112317,455117216.16,-1.59,0.81
2023-06-28,39.57,39.96,40.58,39.56,112912,460753023.08,1.06,0.82
2023-06-29,39.93,39.42,40.35,39.26,108150,436402595.52,-1.35,0.78
2023-06-30,39.34,40.44,41.1,39.03,236793,972883383.18,2.59,1.71
2023-07-03,40.45,40.53,40.93,40.06,138621,571136491.21,0.22,1.0
2023-07-04,40.79,40.95,41.24,40.06,134764,559309293.63,1.04,0.97
2023-07-05,41.13,40.77,41.24,40.6,89449,372513510.0,-0.44,0.65
2023-07-06,40.45,40.03,40.69,39.93,94732,388093742.84,-1.82,0.68
2023-07-07,40.02,39.59,40.02,39.45,71545,289280687.37,-1.1,0.52
2023-07-10,39.75,40.91,41.56,39.6,208085,869957465.38,3.33,1.5
2023-07-11,40.46,39.9,40.73,38.84,324928,1308951829.36,-2.47,2.35
2023-07-12,39.75,39.1,39.84,38.9,159871,639603579.72,-2.01,1.16
2023-07-13,39.23,39.22,39.84,38.84,154223,616210944.52,0.31,1.11
2023-07-14,39.15,38.22,39.16,37.93,281451,1097405451.71,-2.55,2.03
2023-07-17,37.85,35.39,37.85,34.35,527971,1914936319.08,-7.4,3.82
2023-07-18,35.23,35.0,35.63,34.93,156168,560382200.03,-1.1,1.13
2023-07-19,34.84,34.34,34.97,33.9,176279,617723155.33,-1.89,1.27
2023-07-20,34.35,34.1,34.93,34.05,161746,568155453.45,-0.7,1.17
2023-07-21,33.97,33.57,34.24,33.45,166260,572808625.24,-1.55,1.2
2023-07-24,33.45,32.87,33.53,32.78,168238,567551384.21,-2.09,1.22
2023-07-25,33.2,34.08,34.14,33.19,196458,674875237.98,3.68,1.42
2023-07-26,34.08,34.43,34.67,33.83,183569,645276876.44,1.03,1.33
2023-07-27,34.44,34.83,35.84,34.43,213779,767849267.62,1.16,1.54
2023-07-28,34.55,35.2,35.3,34.19,142275,506458934.85,1.06,1.03
2023-07-31,35.2,36.07,36.37,35.2,217940,801260202.91,2.47,1.57
2023-08-01,35.85,36.24,36.85,35.56,149871,555132037.85,0.47,1.08
2023-08-02,36.13,35.78,36.55,35.58,100882,370107186.52,-1.27,0.73
2023-08-03,35.55,35.76,35.95,35.35,88524,321885577.74,-0.06,0.64
2023-08-04,35.91,35.83,36.41,35.46,103715,380267033.5,0.2,0.75
2023-08-07,35.82,36.18,36.35,35.6,108651,399937211.43,0.98,0.79
2023-08-08,36.25,36.45,36.55,36.05,100165,371605095.16,0.75,0.72
2023-08-09,36.46,36.28,36.73,35.92,99668,370706052.59,-0.47,0.72
2023-08-10,36.25,36.61,36.72,36.15,92017,343684235.05,0.91,0.66
2023-08-11,36.63,35.87,36.78,35.87,72696,269024304.28,-2.02,0.53
2023-08-14,35.47,35.73,35.74,35.05,85490,308682667.12,-0.39,0.62
2023-08-15,35.45,35.16,35.82,34.74,112326,402916498.57,-1.6,0.81
2023-08-16,35.16,35.05,36.12,35.0,95346,345307757.59,-0.31,0.69
2023-08-17,35.05,35.05,35.39,34.56,79093,283281284.41,0.0,0.57
2023-08-18,34.93,34.11,35.15,34.05,102839,362225196.15,-2.68,0.74
2023-08-21,34.05,33.45,34.17,33.45,84464,291241814.68,-1.93,0.61
2023-08-22,33.5,33.05,34.03,32.45,106306,358997673.59,-1.2,0.77
2023-08-23,33.05,31.75,33.13,31.46,172060,564323338.68,-3.93,1.24
2023-08-24,31.7,32.28,32.72,31.38,101944,336164033.87,1.67,0.74
2023-08-25,32.16,31.75,32.24,31.48,114437,371789876.8,-1.64,0.83
2023-08-28,33.65,31.78,33.66,31.76,130317,432873058.29,0.09,0.94
2023-08-29,31.76,32.08,32.65,31.67,206262,679026121.58,0.94,1.49
2023-08-30,32.08,32.4,32.62,31.86,109857,363706191.22,1.0,0.79
2023-08-31,32.4,32.08,32.44,31.85,77139,253668337.65,-0.99,0.56
2023-09-01,32.25,32.11,32.4,31.96,54488,179229990.55,0.09,0.39
2023-09-04,32.11,32.61,32.67,31.75,112072,371634065.42,1.56,0.81
2023-09-05,32.4,32.55,32.83,32.36,76056,253509002.82,-0.18,0.55
2023-09-06,32.56,32.53,32.62,32.07,94803,313265739.04,-0.06,0.69
2023-09-07,32.5,30.83,32.5,30.8,200726,645488707.22,-5.23,1.45
2023-09-08,30.78,28.58,30.78,27.68,487520,1423095400.03,-7.3,3.52
2023-09-11,28.6,27.77,28.71,27.53,365328,1046705951.18,-2.83,2.64
2023-09-12,27.86,28.42,28.87,27.75,243220,708286296.91,2.34,1.76
2023-09-13,28.25,27.88,28.4,27.71,152515,438230761.2,-1.9,1.1
2023-09-14,27.75,27.45,27.99,27.33,111423,315316901.09,-1.54,0.81
2023-09-15,27.64,27.3,27.65,27.24,117334,330468286.4,-0.55,0.85
2023-09-18,27.12,27.88,28.32,27.02,183469,524477588.76,2.12,1.32
2023-09-19,27.9,27.74,28.01,27.51,98160,279172035.19,-0.5,0.71
2023-09-20,27.69,27.2,27.72,27.2,110971,311753233.64,-1.95,0.8
2023-09-21,27.06,27.0,27.4,26.94,112990,314819909.09,-0.74,0.82
2023-09-22,26.99,27.29,27.32,26.86,119934,334049725.46,1.07,0.87
2023-09-25,27.3,27.26,27.52,26.87,120568,336394647.08,-0.11,0.87
2023-09-26,27.27,26.3,27.29,26.28,237159,648993154.71,-3.52,1.71
2023-09-27,26.31,26.42,27.1,26.18,235393,640828330.25,0.46,1.7
2023-09-28,26.5,26.28,26.81,26.22,158362,430210295.58,-0.53,1.14
2023-10-09,26.28,26.13,26.33,25.65,176183,471181326.28,-0.57,1.27
2023-10-10,26.12,25.85,26.68,25.85,170913,460516529.62,-1.07,1.23
2023-10-11,25.94,25.75,26.29,25.65,159983,426665785.54,-0.39,1.15
2023-10-12,25.87,27.47,27.69,25.83,494208,1369347352.59,6.68,3.57
2023-10-13,27.14,27.04,27.33,26.86,176498,491192543.09,-1.57,1.27
2023-10-16,27.16,26.07,27.16,25.93,193185,521302127.66,-3.59,1.39
2023-10-17,26.1,26.34,26.95,25.97,227782,621639606.27,1.04,1.64
2023-10-18,26.18,25.56,26.18,25.56,157319,416510362.66,-2.96,1.14
2023-10-19,25.28,24.98,25.5,24.95,164287,425850276.71,-2.27,1.19
2023-10-20,24.9,25.46,25.9,24.83,209416,548087684.85,1.92,1.51
2023-10-23,25.35,24.81,25.35,24.59,136701,350140858.42,-2.55,0.99
2023-10-24,24.97,24.68,25.13,24.41,165653,421668655.04,-0.52,1.2
2023-10-25,24.77,24.5,25.29,24.48,161041,411812816.25,-0.73,1.16
2023-10-26,24.28,24.69,24.83,23.76,204532,510264108.12,0.78,1.48
2023-10-27,24.5,26.27,26.53,24.31,341491,903056985.37,6.4,2.47
2023-10-30,26.06,27.55,27.74,25.95,370405,1034283388.18,4.87,2.67
2023-10-31,27.31,27.06,27.38,26.83,198811,552147237.21,-1.78,1.44
2023-11-01,27.09,26.91,27.2,26.49,137865,380497790.02,-0.55,1.0
2023-11-02,27.05,26.16,27.11,26.06,148178,403221458.84,-2.79,1.07
2023-11-03,26.28,26.42,26.52,25.91,125566,339636367.2,0.99,0.91
2023-11-06,26.45,27.83,28.2,26.42,312091,886298269.71,5.34,2.25
2023-11-07,27.84,27.18,27.84,26.89,240129,670381270.79,-2.34,1.73
2023-11-08,27.32,27.14,27.57,26.92,164852,461483480.99,-0.15,1.19
2023-11-09,27.0,27.34,27.72,26.95,210493,592357450.47,0.74,1.52
2023-11-10,27.16,27.28,27.58,26.93,159029,446249294.76,-0.22,1.15
2023-11-13,27.33,27.39,28.23,27.2,189319,535961831.98,0.4,1.37
2023-11-14,27.47,27.14,27.51,26.93,139102,388217924.08,-0.91,1.0
2023-11-15,27.55,27.44,27.88,27.23,197714,559814241.55,1.11,1.43
2023-11-16,27.25,26.36,27.26,26.28,225688,616094162.84,-3.94,1.63
2023-11-17,26.31,26.47,26.48,26.05,112846,304983389.01,0.42,0.81
2023-11-20,26.47,26.37,26.5,25.65,156461,419792943.99,-0.38,1.13
2023-11-21,26.38,26.12,26.69,26.12,118659,322015654.0,-0.95,0.86
2023-11-22,26.12,25.48,26.16,25.45,116033,306588399.11,-2.45,0.84
2023-11-23,25.42,25.42,25.58,25.21,103925,271260711.12,-0.24,0.75
2023-11-24,25.39,24.8,25.43,24.79,112900,290709574.82,-2.44,0.82
2023-11-27,24.73,24.3,24.73,24.1,132764,333285478.11,-2.02,0.96
2023-11-28,24.25,24.2,24.44,23.95,126502,315148869.81,-0.41,0.91
2023-11-29,24.21,23.52,24.32,23.43,191936,468636521.01,-2.81,1.39
2023-11-30,23.47,23.45,23.84,23.35,112511,273331547.68,-0.3,0.81
2023-12-01,23.45,23.22,23.55,22.93,124706,298097055.84,-0.98,0.9
2023-12-04,23.14,22.5,23.22,22.45,201793,472039749.97,-3.1,1.46
2023-12-05,22.39,22.34,23.1,22.18,197869,464156272.52,-0.71,1.43
2023-12-06,22.34,23.05,23.96,22.11,445708,1070912650.72,3.18,3.22
2023-12-07,23.05,22.86,23.16,22.46,208090,489872693.48,-0.82,1.5
2023-12-08,23.22,22.58,23.23,22.55,153841,362709680.05,-1.22,1.11
2023-12-11,22.59,22.57,22.65,21.96,196767,452520367.74,-0.04,1.42
2023-12-12,22.52,22.7,22.76,22.39,139543,326035879.1,0.58,1.01
2023-12-13,22.58,21.67,22.62,21.67,184256,419235475.78,-4.54,1.33
2023-12-14,21.85,21.48,22.21,21.31,149001,333950722.52,-0.88,1.08
2023-12-15,21.56,21.45,22.18,21.4,193022,434740837.0,-0.14,1.39
2023-12-18,21.32,20.75,21.62,20.65,204329,445176463.53,-3.26,1.48
2023-12-19,20.75,20.99,21.14,20.57,163109,352652145.98,1.16,1.18
2023-12-20,20.98,20.51,21.04,20.49,133898,286600284.67,-2.29,0.97
2023-12-21,20.43,21.27,21.48,20.38,243195,527528377.28,3.71,1.76
2023-12-22,21.25,21.65,22.18,20.81,242433,540921217.24,1.79,1.75
2023-12-25,21.73,21.93,22.29,21.73,171678,390464533.63,1.29,1.24
2023-12-26,21.96,21.99,22.35,21.76,151622,345767070.03,0.27,1.09
2023-12-27,21.98,21.88,22.07,21.7,109543,247745717.62,-0.5,0.79
2023-12-28,21.88,24.14,24.14,21.74,445407,1081455138.9,10.33,3.22
2023-12-29,24.57,24.33,25.07,24.19,564627,1432013217.67,0.79,4.08
2024-01-02,24.45,23.47,24.45,23.42,273510,670557054.5,-3.53,1.97
2024-01-03,23.37,23.6,23.75,23.18,221364,536009970.93,0.55,1.6
2024-01-04,23.65,22.91,23.7,22.7,176123,418041800.05,-2.92,1.27
2024-01-05,22.91,22.19,23.45,22.05,239816,563313725.56,-3.14,1.73
2024-01-08,21.76,21.57,22.5,21.43,194580,438493796.99,-2.79,1.4
2024-01-09,21.71,21.79,22.45,21.07,218439,490599676.49,1.02,1.58
2024-01-10,21.58,22.18,22.89,21.33,306441,704395273.82,1.79,2.21
2024-01-11,22.15,23.45,24.07,21.95,425259,1014220827.03,5.73,3.07
2024-01-12,23.22,23.44,24.1,23.15,332608,809502921.53,-0.04,2.4
2024-01-15,23.26,22.76,23.45,22.67,194409,460126238.68,-2.9,1.4
2024-01-16,22.75,23.26,23.59,22.58,265791,636277203.54,2.2,1.92
2024-01-17,23.19,22.42,23.21,22.41,221921,523518422.22,-3.61,1.6
2024-01-18,22.15,22.99,23.05,22.0,288223,669144449.16,2.54,2.08
2024-01-19,22.83,22.79,23.9,22.7,330414,794122212.57,-0.87,2.39
2024-01-22,22.35,21.32,22.45,21.16,323940,731288012.89,-6.45,2.34
2024-01-23,21.19,21.27,21.87,20.71,226713,499541409.34,-0.23,1.64
2024-01-24,21.32,20.75,21.47,19.88,412324,875929060.47,-2.44,2.98
2024-01-25,20.53,20.9,20.99,20.07,314079,671187410.76,0.72,2.27
2024-01-26,20.7,20.42,21.17,20.35,234962,504221556.82,-2.3,1.7
2024-01-29,20.36,19.01,20.42,18.94,362019,730321640.91,-6.9,2.61
2024-01-30,18.88,18.38,19.33,18.35,227768,445417866.6,-3.31,1.64
2024-01-31,18.24,17.93,19.05,17.93,309419,590899113.58,-2.45,2.23
2024-02-01,17.83,17.56,18.05,17.33,214677,395286201.37,-2.06,1.55
2024-02-02,17.56,16.79,17.7,16.05,271832,481961551.77,-4.38,1.96
2024-02-05,16.67,15.88,16.79,15.32,317555,534084106.48,-5.42,2.29
2024-02-06,15.75,16.93,17.07,15.65,303582,522377959.51,6.61,2.19
2024-02-07,17.05,17.0,17.47,16.66,325315,580530566.05,0.41,2.35
2024-02-08,17.25,17.68,17.72,16.95,335346,608976988.89,4.0,2.42
2024-02-19,17.77,17.7,17.81,17.35,252622,463213524.98,0.11,1.82
2024-02-20,17.58,17.65,17.78,17.29,177633,323645148.95,-0.28,1.28
2024-02-21,17.43,18.06,18.56,17.37,331602,626785038.39,2.32,2.39
2024-02-22,17.95,18.28,18.4,17.88,163774,310152277.66,1.22,1.18
2024-02-23,18.37,18.54,18.61,18.22,201697,386783631.23,1.42,1.46
2024-02-26,18.44,18.75,19.08,18.36,256538,499064403.86,1.13,1.85
2024-02-27,18.73,18.99,18.99,18.51,224451,437687340.88,1.28,1.62
2024-02-28,19.15,18.73,20.55,18.66,524402,1067725200.4,-1.37,3.79
2024-02-29,18.53,19.89,19.95,18.47,448206,899819026.93,6.19,3.24
2024-03-01,20.05,19.87,20.16,19.65,303377,625522697.04,-0.1,2.19
2024-03-04,19.88,19.59,20.15,19.43,221502,452843234.75,-1.41,1.6
2024-03-05,19.32,19.23,19.4,18.94,201176,400822825.07,-1.84,1.45
2024-03-06,19.05,19.32,19.75,18.85,177525,355298281.82,0.47,1.28
2024-03-07,19.33,18.66,19.5,18.65,177583,351064737.72,-3.42,1.28
2024-03-08,18.64,18.59,19.05,18.37,159788,309852228.68,-0.38,1.15
2024-03-11,19.71,20.52,20.52,19.7,234183,494498436.94,10.38,1.69
2024-03-12,21.89,21.94,22.5,21.65,1087850,2473720268.99,6.92,7.85
2024-03-13,21.63,22.27,22.93,21.46,710510,1634434098.48,1.5,5.13
2024-03-14,22.23,21.47,22.55,21.23,543497,1226889143.82,-3.59,3.92
2024-03-15,21.61,21.17,21.7,20.63,353420,769364683.04,-1.4,2.55
2024-03-18,21.75,22.08,22.41,21.44,555086,1256088516.1,4.3,4.01
2024-03-19,22.09,21.82,22.29,21.82,288256,655426983.54,-1.18,2.08
2024-03-20,21.83,21.66,22.22,21.49,203150,456253955.25,-0.73,1.47
2024-03-21,21.58,21.15,21.73,20.96,235229,517533766.39,-2.35,1.7
2024-03-22,20.97,20.12,21.12,20.06,312849,661316903.38,-4.87,2.26
2024-03-25,20.0,19.27,20.04,19.15,296200,599713628.78,-4.22,2.14
2024-03-26,19.22,21.27,21.27,19.22,492028,1034886486.83,10.38,3.55
2024-03-27,22.0,21.01,22.0,20.99,715965,1598108583.35,-1.22,5.17
2024-03-28,20.85,21.03,21.74,20.85,472474,1038150895.06,0.1,3.41
2024-03-29,20.9,21.48,22.24,20.76,539850,1206090813.71,2.14,3.9
2024-04-01,21.48,22.45,22.73,21.26,657418,1510455970.87,4.52,4.75
2024-04-02,22.49,23.7,24.24,21.99,893172,2117623230.07,5.57,6.45
2024-04-03,23.25,23.14,25.06,23.1,902367,2236032397.66,-2.36,6.52
2024-04-08,22.84,22.26,23.99,22.21,608792,1443414612.48,-3.8,4.4
2024-04-09,22.05,24.56,24.56,22.05,793037,1930896620.85,10.33,5.73
2024-04-10,24.51,24.19,24.97,23.96,740521,1851483219.42,-1.51,5.35
2024-04-11,23.84,24.8,24.83,23.25,688902,1711053734.92,2.52,4.97
2024-04-12,24.25,23.41,24.72,23.27,547861,1353644907.07,-5.6,3.96
2024-04-15,23.25,23.5,24.11,22.74,482488,1167757059.02,0.38,3.48
2024-04-16,23.1,21.67,23.11,21.55,494863,1128543712.54,-7.79,3.57
2024-04-17,21.97,22.24,22.68,21.65,457271,1047900401.15,2.63,3.3
2024-04-18,21.9,21.73,22.39,21.08,432429,976396474.27,-2.29,3.12
2024-04-19,21.27,20.58,21.59,20.45,482173,1037674305.08,-5.29,3.48
2024-04-22,20.38,19.68,20.84,19.61,357169,741328884.1,-4.37,2.58
2024-04-23,19.78,20.03,20.48,19.77,293140,612329715.65,1.78,2.12
2024-04-24,19.75,19.43,19.83,19.16,382044,767694450.95,-3.0,2.76
2024-04-25,19.25,19.51,19.91,19.02,300426,610966375.2,0.41,2.17
2024-04-26,19.23,20.11,20.22,19.23,375385,774582093.37,3.08,2.71
2024-04-29,20.38,21.27,21.88,20.23,533352,1156740142.1,5.77,3.85
2024-04-30,21.35,20.55,21.39,20.47,338535,718973061.32,-3.39,2.44
2024-05-06,21.67,21.74,22.33,21.48,465058,1033960314.86,5.79,3.36
2024-05-07,21.69,21.74,21.93,21.4,270122,596622074.84,0.0,1.95
2024-05-08,21.75,21.06,21.75,21.04,234207,508288200.29,-3.13,1.69
2024-05-09,21.78,22.21,22.83,21.78,611298,1390610191.71,5.46,4.41
2024-05-10,22.05,21.55,22.25,21.45,379562,841394787.85,-2.97,2.74
2024-05-13,21.12,20.72,21.3,20.55,329615,702817069.4,-3.85,2.38
2024-05-14,20.86,20.62,21.03,20.56,199938,423163361.04,-0.48,1.44
2024-05-15,20.85,20.65,21.24,20.58,187045,397755991.97,0.15,1.35
2024-05-16,20.7,20.34,20.78,20.23,252374,525972636.69,-1.5,1.82
2024-05-17,20.26,20.49,20.49,19.98,267558,555560200.89,0.74,1.93
2024-05-20,20.5,20.59,20.7,20.3,220489,462246914.52,0.49,1.59
2024-05-21,20.49,20.12,20.7,20.01,210877,436099462.13,-2.28,1.52
2024-05-22,19.98,20.43,20.46,19.91,255519,529061488.26,1.54,1.84
2024-05-23,20.32,19.69,20.32,19.65,253524,514017665.06,-3.62,1.83
2024-05-24,19.58,19.28,19.78,19.24,203810,405533894.04,-2.08,1.47
2024-05-27,19.3,19.21,19.39,18.64,249605,483891932.2,-0.36,1.8
2024-05-28,19.22,19.22,19.45,18.86,172890,339412588.8,0.05,1.25
2024-05-29,19.55,19.72,20.32,19.45,326648,663672969.88,2.6,2.36
2024-05-30,19.72,19.42,19.81,19.36,154882,308604121.2,-1.52,1.12
2024-05-31,19.44,19.1,19.58,19.1,160398,317162638.4,-1.65,1.16
2024-06-03,19.06,18.95,19.09,18.7,167618,323920878.06,-0.79,1.21
2024-06-04,18.93,19.21,19.26,18.71,156544,304935065.56,1.37,1.13
2024-06-05,19.27,19.63,20.14,19.22,353588,715451790.3,2.19,2.55
2024-06-06,19.63,18.99,19.86,18.95,218837,432996099.87,-3.26,1.58
2024-06-07,19.12,18.35,19.18,18.16,266528,506170710.26,-3.37,1.92
2024-06-11,18.29,18.54,18.54,17.92,176614,330239273.97,1.04,1.28
2024-06-12,18.47,18.59,18.81,18.35,134624,256049379.47,0.27,0.97
2024-06-13,18.5,18.31,18.76,18.25,152928,289354310.41,-1.51,1.1
2024-06-14,18.26,18.62,18.65,17.97,226402,424511232.76,1.69,1.63
2024-06-17,18.75,20.08,20.53,18.57,916990,1872902740.02,7.84,6.62
2024-06-18,19.92,19.59,19.92,19.35,478314,955798423.64,-2.44,3.45
2024-06-19,19.51,19.11,19.54,19.03,259694,510563020.75,-2.45,1.88
2024-06-20,19.01,18.39,19.08,18.37,245374,469029360.48,-3.77,1.77
2024-06-21,18.39,18.01,18.53,17.91,220986,411272129.7,-2.07,1.6
2024-06-24,17.65,17.79,18.09,17.16,231455,418666923.98,-1.22,1.67
2024-06-25,17.77,17.31,17.9,17.25,181570,326117556.93,-2.7,1.31
2024-06-26,17.35,17.92,18.04,17.05,208566,376600044.88,3.52,1.51
2024-06-27,17.71,17.27,17.76,17.27,155285,278699066.94,-3.63,1.12
2024-06-28,17.18,17.11,17.63,17.08,177779,315713954.0,-0.93,1.28
2024-07-01,16.96,16.84,16.96,16.45,214163,366303266.64,-1.58,1.55
2024-07-02,16.74,16.73,17.11,16.59,126202,218555774.62,-0.65,0.91
2024-07-03,16.74,17.02,17.2,16.6,190368,331580528.96,1.73,1.37
2024-07-04,17.03,16.32,17.1,16.3,166172,283499682.9,-4.11,1.2
2024-07-05,16.15,16.05,16.27,15.95,180579,298591389.76,-1.65,1.3
2024-07-08,15.95,15.6,16.04,15.52,160040,258950377.53,-2.8,1.16
2024-07-09,15.54,15.54,15.71,15.1,264370,419099051.77,-0.38,1.91
2024-07-10,15.37,15.39,15.95,15.24,253930,408059419.18,-0.97,1.83
2024-07-11,15.69,16.27,16.62,15.55,423175,700349007.2,5.72,3.06
2024-07-12,16.25,16.07,16.41,16.05,207047,344442776.71,-1.23,1.49
2024-07-15,16.1,15.6,16.15,15.51,188688,304819359.98,-2.92,1.36
2024-07-16,15.51,15.82,15.86,15.47,158227,256285191.61,1.41,1.14
2024-07-17,15.78,15.67,15.95,15.58,146336,236985265.07,-0.95,1.06
2024-07-18,15.6,15.88,15.93,15.42,190978,308703458.47,1.34,1.38
2024-07-19,15.79,15.89,16.17,15.75,187469,307154574.01,0.06,1.35
2024-07-22,15.95,15.66,16.1,15.53,199106,322959175.8,-1.45,1.44
2024-07-23,15.62,15.03,15.62,15.03,207601,326989781.88,-4.02,1.5
2024-07-24,14.91,14.49,15.1,14.45,225037,340602573.83,-3.59,1.62
2024-07-25,14.36,14.64,14.97,14.33,189696,287658983.81,1.04,1.37
2024-07-26,14.57,14.99,15.3,14.57,193284,298809884.09,2.39,1.4
2024-07-29,15.03,14.65,15.04,14.55,144893,219139332.46,-2.27,1.05
2024-07-30,14.61,14.28,14.69,14.21,247222,366805603.92,-2.53,1.78
2024-07-31,14.32,15.24,15.26,14.13,362747,554951121.66,6.72,2.62
2024-08-01,15.26,15.0,15.32,14.91,196739,305728743.28,-1.57,1.42
2024-08-02,14.95,14.84,15.26,14.83,178021,275543784.6,-1.07,1.29
2024-08-05,14.75,14.53,15.23,14.52,205906,314511965.78,-2.09,1.49
2024-08-06,14.73,14.76,14.93,14.53,166278,252125885.11,1.58,1.2
2024-08-07,14.8,14.6,14.8,14.5,140961,212045708.06,-1.08,1.02
2024-08-08,14.51,14.64,14.84,14.36,178256,268408111.1,0.27,1.29
2024-08-09,14.74,14.27,14.94,14.27,170506,255309291.2,-2.53,1.23
2024-08-12,14.25,14.08,14.43,14.01,161191,234792138.51,-1.33,1.16
2024-08-13,14.0,14.32,14.43,13.86,207959,303728931.84,1.7,1.5
2024-08-14,14.32,14.02,14.51,13.99,148470,216195375.92,-2.09,1.07
2024-08-15,13.94,14.06,14.24,13.81,174240,252468798.1,0.29,1.26
2024-08-16,14.07,13.76,14.11,13.75,164074,235049981.65,-2.13,1.18
2024-08-19,13.71,13.72,13.97,13.68,121051,172283459.24,-0.29,0.87
2024-08-20,13.71,13.48,14.04,13.45,210313,297957210.82,-1.75,1.52
2024-08-21,13.36,13.79,14.05,13.31,324129,462783519.09,2.3,2.34
2024-08-22,13.81,13.51,13.96,13.49,215089,303616753.52,-2.03,1.55
2024-08-23,13.45,13.27,13.68,13.25,173651,239943947.07,-1.78,1.25
2024-08-26,13.27,13.47,14.05,13.27,321576,454969058.51,1.51,2.32
2024-08-27,13.4,13.13,13.43,13.1,172189,234992630.75,-2.52,1.24
2024-08-28,13.05,13.2,13.27,12.86,155420,210451724.22,0.53,1.12
2024-08-29,13.1,13.54,13.67,13.1,232176,322235982.21,2.58,1.68
2024-08-30,13.59,13.9,14.23,13.43,330450,475139996.04,2.66,2.39
2024-09-02,13.84,13.5,14.07,13.5,193483,274139597.12,-2.88,1.4
2024-09-03,13.49,13.87,14.13,13.39,277786,398410916.33,2.74,2.01
2024-09-04,13.73,13.97,14.23,13.73,291874,422599353.29,0.72,2.11
2024-09-05,13.95,13.85,14.4,13.76,238999,345666485.38,-0.86,1.73
2024-09-06,13.82,13.5,13.85,13.49,156024,219361466.32,-2.53,1.13
2024-09-09,13.41,13.42,13.61,13.34,117245,162655631.91,-0.59,0.85
2024-09-10,13.43,13.2,13.51,13.05,155879,212706328.3,-1.64,1.13
2024-09-11,13.17,14.44,14.57,13.17,957144,1404242329.62,9.39,6.91
2024-09-12,14.12,13.88,14.36,13.88,669410,969641891.36,-3.88,4.83
2024-09-13,13.95,13.24,14.05,13.24,362716,504251711.1,-4.61,2.62
2024-09-18,13.21,12.79,13.21,12.7,254911,339066721.5,-3.4,1.84
2024-09-19,12.93,12.93,13.32,12.63,331776,444732771.85,1.09,2.4
2024-09-20,12.93,12.51,12.99,12.45,321377,418927030.31,-3.25,2.32
2024-09-23,12.5,12.63,12.85,12.41,223464,293320451.57,0.96,1.61
2024-09-24,12.75,13.79,13.83,12.71,682125,943632163.0,9.18,4.93
2024-09-25,14.05,13.87,14.34,13.85,495846,720634216.73,0.58,3.58
2024-09-26,13.8,14.92,14.94,13.77,522753,776470412.83,7.57,3.77
2024-09-27,15.23,16.39,16.46,15.17,838022,1382779240.21,9.85,6.05
2024-09-30,17.4,18.07,18.07,16.95,959887,1741481695.16,10.25,6.93
2024-10-08,19.92,19.92,19.92,18.56,1122656,2244098894.82,10.24,8.11
2024-10-09,19.63,17.88,19.63,17.88,831978,1580310504.78,-10.24,6.01
2024-10-10,17.51,17.3,18.3,17.0,569258,1024251445.52,-3.24,4.11
2024-10-11,17.12,16.03,17.21,15.77,551239,924778686.47,-7.34,3.98
2024-10-14,16.04,16.27,16.4,15.7,426056,705338861.4,1.5,3.08
2024-10-15,16.1,15.78,16.29,15.77,389707,642188846.75,-3.01,2.81
2024-10-16,15.54,15.43,15.71,15.3,366526,584265826.57,-2.22,2.65
2024-10-17,15.55,15.28,15.79,15.25,280417,447274988.99,-0.97,2.02
2024-10-18,15.29,16.0,16.48,15.18,579094,937752663.56,4.71,4.18
2024-10-21,16.1,16.24,16.55,15.97,565684,944250981.16,1.5,4.08
2024-10-22,16.26,16.66,16.69,15.94,487857,819594908.27,2.59,3.52
2024-10-23,16.8,17.25,17.57,16.31,833117,1449108640.69,3.54,6.02
2024-10-24,17.0,16.57,17.15,16.5,474545,815372789.7,-3.94,3.43
2024-10-25,16.57,18.27,18.27,16.57,1064576,1958405090.56,10.26,7.69
2024-10-28,18.36,18.3,18.49,17.7,983763,1821298015.37,0.16,7.1
2024-10-29,18.35,17.62,18.63,17.6,658652,1213829367.91,-3.72,4.76
2024-10-30,17.35,17.52,17.7,17.26,406614,728533722.08,-0.57,2.94
2024-10-31,17.52,18.47,18.75,17.4,850924,1592850306.22,5.42,6.14
2024-11-01,18.35,17.9,18.83,17.64,561686,1044436284.2,-3.09,4.06
2024-11-04,17.69,17.9,18.42,17.56,406827,747412320.44,0.0,2.94
2024-11-05,17.88,19.74,19.74,17.65,1182593,2318308126.79,10.28,8.54
2024-11-06,19.75,20.23,20.94,19.57,1298045,2709149135.11,2.48,9.37
2024-11-07,20.38,20.57,21.73,20.25,974234,2059281832.74,1.68,7.03
2024-11-08,21.47,21.56,22.67,21.4,1114370,2497551301.97,4.81,8.05
2024-11-11,20.85,23.76,23.76,20.85,1202660,2825660109.62,10.2,8.68
2024-11-12,24.18,22.63,25.18,22.55,1386006,3355059312.22,-4.76,10.01
2024-11-13,22.63,23.17,23.55,21.9,945661,2186255624.07,2.39,6.83
2024-11-14,23.18,21.86,23.55,21.81,666636,1541163472.76,-5.65,4.81
2024-11-15,21.67,21.3,22.3,21.3,572814,1271653607.16,-2.56,4.14
2024-11-18,21.25,20.71,21.81,20.56,513112,1110418510.29,-2.77,3.7
2024-11-19,20.87,22.45,22.74,20.44,752512,1656333511.04,8.4,5.43
2024-11-20,22.05,22.62,22.81,21.95,684375,1568247645.74,0.76,4.94
2024-11-21,22.69,23.95,24.55,22.61,1043313,2531179743.58,5.88,7.53
2024-11-22,23.55,23.33,24.3,23.3,807525,1949572097.51,-2.59,5.83
2024-11-25,23.5,24.52,24.93,23.5,899747,2219598463.7,5.1,6.5
2024-11-26,24.55,23.28,24.55,23.03,606571,1454826004.69,-5.06,4.38
2024-11-27,22.77,24.56,24.92,22.55,671412,1611775552.43,5.5,4.85
2024-11-28,24.68,23.9,24.75,23.79,430562,1063014017.21,-2.69,3.11
2024-11-29,23.65,24.24,24.55,23.49,477261,1175333152.36,1.42,3.45
2024-12-02,24.05,23.72,24.19,23.51,486686,1177007344.46,-2.15,3.51
2024-12-03,23.72,22.94,23.72,22.81,434770,1022774181.34,-3.29,3.14
2024-12-04,22.77,22.14,23.17,21.93,480896,1097076224.96,-3.49,3.47
2024-12-05,22.15,22.1,22.34,21.95,289177,652586666.26,-0.18,2.09
2024-12-06,22.05,22.54,22.73,21.65,379029,862406768.03,1.99,2.74
2024-12-09,22.4,22.31,22.57,21.95,288255,654518702.82,-1.02,2.08
2024-12-10,23.15,21.93,23.24,21.86,385305,881774874.82,-1.7,2.78
2024-12-11,21.75,21.7,22.27,21.57,276764,617754445.34,-1.05,2.0
2024-12-12,21.59,21.82,22.06,21.43,280727,622765193.18,0.55,2.03
2024-12-13,21.65,21.68,21.9,21.37,355772,788689953.64,-0.64,2.57
2024-12-16,21.68,20.83,21.85,20.68,342619,738342514.08,-3.92,2.47
2024-12-17,20.71,21.06,21.45,20.71,268055,579329878.33,1.1,1.94
2024-12-18,21.06,20.97,21.24,20.88,160449,344562737.88,-0.43,1.16
2024-12-19,20.71,20.58,20.87,20.4,257563,541976556.62,-1.86,1.86
2024-12-20,20.63,20.8,21.09,20.63,211002,449619311.34,1.07,1.52
2024-12-23,20.76,20.65,21.59,20.63,319665,686808214.66,-0.72,2.31
2024-12-24,20.65,20.61,21.05,20.25,292620,615231413.32,-0.19,2.11
2024-12-25,20.75,19.97,20.92,19.86,271407,559149300.06,-3.11,1.96
2024-12-26,19.9,19.77,20.07,19.72,244125,495318861.09,-1.0,1.76
2024-12-27,19.76,19.84,20.2,19.65,245083,499430349.14,0.35,1.77
2024-12-30,19.72,19.92,20.05,19.62,189656,384181883.4,0.4,1.37
2024-12-31,19.92,19.27,19.95,19.25,200834,399945901.9,-3.26,1.45
2025-01-02,19.27,18.4,19.35,18.24,284664,545174387.64,-4.51,2.06
2025-01-03,18.41,17.73,18.55,17.6,278596,515019757.5,-3.64,2.01
2025-01-06,18.01,17.37,18.23,17.23,350519,633535123.25,-2.03,2.53
2025-01-07,17.37,17.69,17.73,17.18,294284,528397689.3,1.84,2.12
2025-01-08,17.63,17.38,17.88,16.99,312783,555136646.46,-1.75,2.26
2025-01-09,17.2,17.82,17.92,17.17,288709,525155799.63,2.53,2.08
2025-01-10,17.83,17.47,18.2,17.47,235379,429287594.52,-1.96,1.7
2025-01-13,17.25,17.66,18.17,17.23,282483,514985710.11,1.09,2.04
2025-01-14,17.66,18.16,18.28,17.52,348534,642071250.95,2.83,2.52
2025-01-15,18.14,17.86,18.15,17.75,250795,460973966.56,-1.65,1.81
2025-01-16,17.93,17.99,18.3,17.74,221197,408091708.6,0.73,1.6
2025-01-17,17.91,18.24,18.58,17.91,335748,629034623.76,1.39,2.42
2025-01-20,18.41,18.38,18.68,18.26,257654,485754832.07,0.77,1.86
2025-01-21,18.46,18.3,18.52,18.04,207484,387314488.18,-0.44,1.5
2025-01-22,18.15,17.87,18.23,17.77,173120,318370494.83,-2.35,1.25
2025-01-23,18.05,17.71,18.3,17.71,177066,327151754.99,-0.9,1.28
2025-01-24,17.65,18.1,18.43,17.65,274339,509035316.02,2.2,1.98
2025-01-27,18.17,17.83,18.39,17.83,172470,319090715.1,-1.49,1.25
2025-02-05,17.98,17.77,18.0,17.62,170785,311687344.4,-0.34,1.23
2025-02-06,17.69,18.57,18.7,17.61,349882,656922661.35,4.5,2.53
2025-02-07,18.65,19.48,19.87,18.57,475201,944546793.71,4.9,3.43
2025-02-10,19.56,19.21,19.57,18.86,460777,899331607.2,-1.39,3.33
2025-02-11,19.22,18.55,19.22,18.41,417875,795541141.31,-3.44,3.02
2025-02-12,18.47,19.16,19.54,18.36,583060,1122407314.47,3.29,4.21
2025-02-13,19.1,18.91,19.36,18.9,439664,861902352.48,-1.3,3.17
2025-02-14,18.88,19.1,19.75,18.88,405321,799687445.9,1.0,2.93
2025-02-17,19.15,18.73,19.22,18.55,420137,809437829.21,-1.94,3.03
2025-02-18,18.93,18.98,19.51,18.76,613613,1204445989.85,1.33,4.43
2025-02-19,18.81,19.05,19.11,18.58,385877,746237377.66,0.37,2.79
2025-02-20,18.94,18.81,18.99,18.6,332044,637998458.33,-1.26,2.4
2025-02-21,18.81,19.31,19.41,18.78,537512,1057583317.34,2.66,3.88
2025-02-24,19.63,19.82,20.08,19.25,636046,1276947850.09,2.64,4.59
2025-02-25,19.56,19.7,20.05,19.38,445503,902235250.9,-0.61,3.22
2025-02-26,19.69,20.3,20.38,19.69,503496,1035046497.79,3.05,3.64
2025-02-27,20.38,21.17,21.21,20.12,785120,1663276726.93,4.29,5.67
2025-02-28,20.95,20.43,21.73,20.35,817006,1755383684.1,-3.5,5.9
2025-03-03,20.81,21.67,22.05,20.81,951009,2083776253.28,6.07,6.87
2025-03-04,21.11,20.45,21.14,20.24,727595,1524486604.19,-5.63,5.25
2025-03-05,20.35,20.35,20.46,20.09,327472,677459188.2,-0.49,2.36
2025-03-06,20.4,20.43,20.67,20.31,393722,824338472.27,0.39,2.84
2025-03-07,20.22,19.96,20.37,19.75,414986,847562321.91,-2.3,3.0
2025-03-10,19.87,19.97,20.09,19.75,281208,572142706.16,0.05,2.03
2025-03-11,19.75,19.95,20.01,19.59,220687,447731887.0,-0.1,1.59
2025-03-12,19.96,20.01,20.27,19.86,307695,631854468.94,0.3,2.22
2025-03-13,20.04,19.51,20.32,19.4,375542,760901972.59,-2.5,2.71
2025-03-14,19.35,19.69,19.79,19.11,325045,649086481.76,0.92,2.35
2025-03-17,19.71,19.67,19.93,19.56,270960,547058054.97,-0.1,1.96
2025-03-18,19.71,19.85,20.0,19.7,268135,544212969.53,0.92,1.94
2025-03-19,19.8,19.59,19.82,19.51,216628,435013662.39,-1.31,1.56
2025-03-20,19.58,19.24,19.58,19.23,213687,424104007.75,-1.79,1.54
2025-03-21,19.21,18.82,19.32,18.72,235693,457251781.6,-2.18,1.7
2025-03-24,18.79,18.95,19.01,18.56,196736,378067245.47,0.69,1.42
2025-03-25,18.95,19.05,19.2,18.78,172689,335680602.46,0.53,1.25
2025-03-26,18.95,18.86,19.11,18.85,133430,259229973.11,-1.0,0.96
2025-03-27,18.8,18.73,18.94,18.55,159409,305494376.04,-0.69,1.15
2025-03-28,18.73,18.55,18.85,18.55,124346,237525054.42,-0.96,0.9
2025-03-31,18.43,18.19,18.51,17.96,183378,341922601.48,-1.94,1.32
2025-04-01,18.27,18.18,18.45,18.15,130299,243940432.28,-0.05,0.94
2025-04-02,18.17,18.34,18.47,18.1,111352,209158791.39,0.88,0.8
2025-04-03,18.12,18.13,18.39,18.02,119319,222215257.11,-1.15,0.86
2025-04-07,16.5,16.27,17.06,16.27,261234,440132009.81,-10.26,1.89
2025-04-08,16.0,15.72,16.42,15.5,339514,553122770.54,-3.38,2.45
2025-04-09,15.39,16.13,16.3,14.92,313653,504392438.4,2.61,2.26
2025-04-10,16.44,16.32,16.8,16.32,250161,424415709.59,1.18,1.81
2025-04-11,16.18,16.48,16.6,16.13,187539,316866335.29,0.98,1.35
2025-04-14,16.63,16.59,16.85,16.48,203673,348762865.7,0.67,1.47
2025-04-15,16.64,16.76,17.05,16.55,227369,392962633.32,1.02,1.64
2025-04-16,16.69,16.37,16.74,16.15,206678,347876480.52,-2.33,1.49
2025-04-17,16.24,16.21,16.45,16.21,116448,195250055.6,-0.98,0.84
2025-04-18,16.13,16.31,16.35,16.09,103717,172865555.74,0.62,0.75
2025-04-21,16.3,16.7,16.7,16.05,161041,273796817.58,2.39,1.16
2025-04-22,16.64,16.58,16.71,16.55,108289,184728733.26,-0.72,0.78
2025-04-23,16.92,16.74,16.95,16.63,149580,257402828.26,0.97,1.08
2025-04-24,16.81,16.6,17.01,16.58,187490,323153078.53,-0.84,1.35
2025-04-25,16.55,16.64,16.78,16.49,134164,229522148.31,0.24,0.97
2025-04-28,16.6,16.29,16.61,16.25,141810,238431211.24,-2.1,1.02
2025-04-29,16.25,16.43,16.54,16.21,110958,187245808.34,0.86,0.8
2025-04-30,16.41,17.03,17.33,16.39,330798,577045751.17,3.65,2.39
2025-05-06,17.03,17.29,17.29,16.98,202233,356750005.3,1.53,1.46
2025-05-07,17.53,17.21,17.6,17.07,187294,331762522.48,-0.46,1.35
2025-05-08,17.16,17.46,17.65,17.11,195500,349532947.82,1.45,1.41
2025-05-09,17.35,17.33,17.38,17.06,150642,266235654.39,-0.74,1.09
2025-05-12,17.48,18.0,18.02,17.41,320490,583950090.48,3.87,2.31
2025-05-13,18.21,17.77,18.21,17.73,206611,378885722.9,-1.28,1.49
2025-05-14,17.73,17.92,17.94,17.7,156703,286288691.75,0.84,1.13
2025-05-15,17.78,17.44,17.8,17.44,153998,277339790.45,-2.68,1.11
2025-05-16,17.39,17.44,17.57,17.37,96123,172330059.71,0.0,0.69
2025-05-19,17.38,17.47,17.48,17.15,103344,183664203.31,0.17,0.75
2025-05-20,17.45,17.46,17.53,17.3,102735,183596699.98,-0.06,0.74
2025-05-21,17.43,17.64,17.87,17.35,256813,466084352.44,1.03,1.85
2025-05-22,17.65,17.24,17.68,17.2,172758,306154257.09,-2.27,1.25
2025-05-23,17.16,16.86,17.5,16.86,216032,377998310.67,-2.2,1.56
2025-05-26,16.8,16.87,16.97,16.73,125678,215856242.3,0.06,0.91
2025-05-27,16.85,16.91,17.08,16.71,113056,194790048.9,0.24,0.82
2025-05-28,16.92,16.61,16.94,16.59,110221,188232555.64,-1.77,0.8
2025-05-29,16.55,16.8,16.83,16.53,116945,199463492.68,1.14,0.84
2025-05-30,16.75,16.5,16.8,16.5,96929,164156861.98,-1.79,0.7
2025-06-03,16.54,16.65,16.96,16.46,139379,238284224.1,0.91,1.01
2025-06-04,16.71,16.97,17.24,16.7,210830,365959028.64,1.92,1.52
2025-06-05,16.97,16.97,17.01,16.73,115119,198200169.05,0.0,0.83
2025-06-06,16.97,16.87,17.1,16.85,123213,213238092.49,-0.59,0.89
2025-06-09,16.87,17.03,17.19,16.85,149983,261011230.66,0.95,1.08
2025-06-10,17.08,16.97,17.37,16.79,234625,409901286.02,-0.35,1.69
2025-06-11,16.92,17.15,17.4,16.89,222742,391744001.5,1.06,1.61
2025-06-12,17.16,17.17,17.27,16.95,164819,287199090.91,0.12,1.19
2025-06-13,17.03,16.78,17.16,16.73,179723,309510560.73,-2.27,1.3
2025-06-16,16.68,16.59,16.8,16.48,195094,330669308.53,-1.13,1.41
2025-06-17,16.6,16.76,16.97,16.55,217337,372668050.03,1.02,1.57
2025-06-18,16.74,16.58,16.74,16.36,185837,313023605.92,-1.07,1.34
2025-06-19,16.51,16.46,16.9,16.41,204878,348513735.1,-0.72,1.48
2025-06-20,16.35,16.27,16.85,16.26,239047,404085821.16,-1.15,1.73
2025-06-23,16.17,16.6,16.69,16.15,213105,359790068.23,2.03,1.54
2025-06-24,16.71,17.47,17.48,16.65,515045,904449681.57,5.24,3.72
2025-06-25,17.62,17.82,17.91,17.53,445625,805582293.2,2.0,3.22
2025-06-26,17.81,17.88,18.38,17.65,509079,937816286.06,0.34,3.68
2025-06-27,17.95,17.74,18.32,17.69,344055,627697310.7,-0.78,2.48
2025-06-30,17.77,17.77,17.99,17.58,234634,424253763.17,0.17,1.69
2025-07-01,17.85,17.6,17.85,17.29,264029,471543134.28,-0.96,1.91
2025-07-02,17.53,17.84,18.01,17.33,357121,644248754.74,1.36,2.58
2025-07-03,17.85,18.6,18.85,17.54,788107,1471231237.72,4.26,5.69
2025-07-04,18.55,18.25,18.57,18.17,433628,809698604.5,-1.88,3.13
2025-07-07,18.14,18.06,18.31,18.01,226639,418599539.52,-1.04,1.64
2025-07-08,18.05,18.35,18.49,17.98,330182,615855440.07,1.61,2.38
2025-07-09,18.35,18.0,18.36,17.94,292591,540845372.43,-1.91,2.11
2025-07-10,17.87,18.08,18.12,17.8,202216,370575679.49,0.44,1.46
2025-07-11,18.04,18.12,18.4,17.85,316458,586228423.33,0.22,2.29
2025-07-14,18.31,18.29,18.72,18.17,349587,656103868.01,0.94,2.52
2025-07-15,18.23,18.05,18.37,17.89,251765,464309589.68,-1.31,1.82
2025-07-16,18.02,17.93,18.11,17.85,158850,290970178.47,-0.66,1.15
2025-07-17,18.35,19.11,19.11,18.13,783310,1482693582.48,6.58,5.66
2025-07-18,19.15,18.98,19.32,18.8,536995,1039747449.15,-0.68,3.88
2025-07-21,18.98,18.85,19.02,18.73,346854,664863796.82,-0.68,2.5
2025-07-22,18.85,18.97,19.1,18.77,407427,786131359.64,0.64,2.94
2025-07-23,19.05,18.78,19.28,18.78,466906,902824517.97,-1.0,3.37
2025-07-24,18.78,19.55,19.64,18.74,625171,1229896021.68,4.1,4.51
2025-07-25,19.56,19.49,20.02,19.47,467501,933975166.3,-0.31,3.38
2025-07-28,19.4,19.59,19.8,19.22,347897,692602592.02,0.51,2.51
2025-07-29,19.53,19.47,19.69,19.3,283832,562187025.14,-0.61,2.05
2025-07-30,19.5,19.16,19.52,18.98,288605,565856338.12,-1.59,2.08
2025-07-31,19.01,18.54,19.16,18.44,381409,728712788.54,-3.24,2.75
2025-08-01,18.54,18.58,18.84,18.45,219172,415535261.38,0.22,1.58
2025-08-04,18.47,18.6,18.6,18.31,195231,367255398.36,0.11,1.41
2025-08-05,18.61,18.71,19.01,18.56,244736,467078331.8,0.59,1.77
2025-08-06,18.7,19.11,19.45,18.6,342526,663948775.07,2.14,2.47
2025-08-07,19.05,18.85,19.15,18.73,252282,485322317.05,-1.36,1.82
2025-08-08,18.76,18.63,18.9,18.61,197939,376860281.91,-1.17,1.43
2025-08-11,18.98,19.8,19.82,18.86,767792,1517346894.55,6.28,5.54
2025-08-12,19.71,19.47,19.72,19.23,465242,918629404.51,-1.67,3.36
2025-08-13,19.43,19.5,19.59,19.34,308825,611706018.92,0.15,2.23
2025-08-14,19.5,19.1,19.57,18.93,337986,662020040.19,-2.05,2.44
2025-08-15,19.01,19.85,19.92,18.97,570487,1141026959.91,3.93,4.12
2025-08-18,20.09,20.13,20.33,19.94,547481,1119949653.6,1.41,3.95
2025-08-19,20.08,20.25,20.4,19.75,529128,1083669581.29,0.6,3.82
2025-08-20,20.11,20.32,20.32,19.87,420135,859274625.02,0.35,3.03
2025-08-21,20.52,19.97,20.6,19.85,437437,896036525.93,-1.72,3.16
2025-08-22,19.87,20.06,20.22,19.81,433121,882737936.1,0.45,3.13
2025-08-25,20.3,20.6,20.93,20.15,660405,1375703321.44,2.69,4.77
2025-08-26,20.55,20.5,20.62,20.35,350174,729409667.74,-0.49,2.53
2025-08-27,20.44,19.97,20.98,19.95,605249,1262469811.19,-2.59,4.37
2025-08-28,19.87,20.13,20.21,19.46,486702,986877893.22,0.8,3.51
2025-08-29,20.05,21.16,21.47,20.05,933162,1988689016.38,5.12,6.74
2025-09-01,21.38,21.54,21.74,21.15,781197,1702325758.65,1.8,5.64
2025-09-02,21.51,21.37,21.89,21.23,746195,1629764229.88,-0.79,5.39
2025-09-03,21.54,21.47,21.99,21.21,704097,1545930832.98,0.47,5.08
2025-09-04,21.64,22.8,23.2,21.61,1454979,3343783464.94,6.19,10.51
2025-09-05,22.95,25.12,25.12,22.6,1245909,3095190722.75,10.18,9.0
2025-09-08,27.52,27.67,27.67,26.35,1562374,4297504124.2,10.15,11.28
2025-09-09,28.37,28.56,30.33,28.17,2788359,8219673256.46,3.22,20.13
2025-09-10,27.27,27.43,28.54,27.27,1923119,5403946688.8,-3.96,13.89
2025-09-11,27.34,28.29,28.59,26.87,1721548,4878830323.49,3.14,12.43
2025-09-12,28.43,27.69,29.09,27.45,1465258,4156084777.13,-2.12,10.58
2025-09-15,28.0,30.49,30.49,28.0,596840,1805518092.02,10.11,4.31
2025-09-16,30.45,29.52,30.63,28.77,1966509,5878807480.96,-3.18,14.2
2025-09-17,29.78,29.33,30.15,28.67,1498337,4451380447.62,-0.64,10.82
2025-09-18,28.97,30.92,31.85,28.34,2039796,6166598713.34,5.42,14.73
2025-09-19,30.65,30.95,32.43,30.15,1806781,5758265760.88,0.1,13.05
2025-09-22,30.63,29.89,31.21,29.38,1264527,3819255333.27,-3.42,9.13
2025-09-23,30.49,30.96,31.35,29.66,1253127,3859980016.4,3.58,9.05
2025-09-24,30.83,33.0,33.94,30.05,1774184,5785663108.75,6.59,12.81
2025-09-25,32.99,32.25,33.65,32.18,1390508,4617059381.94,-2.27,10.04
2025-09-26,31.76,33.82,34.65,31.76,1657753,5542530780.6,4.87,11.97
2025-09-29,34.65,37.24,37.24,34.65,2176708,8076890033.02,10.11,15.72
2025-09-30,36.65,37.82,39.75,36.13,2053407,7745189765.88,1.56,14.83
2025-10-09,38.5,38.44,39.47,37.44,1542619,5963638033.92,1.64,11.14
2025-10-10,37.65,34.97,37.83,34.56,1517235,5468601730.34,-9.03,10.96
2025-10-13,33.21,36.94,37.31,33.21,1411731,5132451366.91,5.63,10.19
2025-10-14,37.05,34.21,37.34,33.94,1275678,4615402886.15,-7.39,9.21
2025-10-15,34.65,34.34,34.93,32.94,973933,3316171954.69,0.38,7.03
2025-10-16,34.36,34.9,36.39,34.36,1071084,3825317447.21,1.63,7.73
2025-10-17,34.72,34.0,36.25,33.85,811458,2851055390.81,-2.58,5.86
2025-10-20,34.7,34.47,35.65,33.53,822315,2889197777.91,1.38,5.94
2025-10-21,35.1,34.64,35.52,34.37,797275,2812653046.18,0.49,5.76
2025-10-22,34.3,32.57,34.46,32.44,1008960,3359964777.82,-5.98,7.29
2025-10-23,32.59,33.31,33.62,31.9,897373,2963435153.59,2.27,6.48
2025-10-24,33.31,33.89,34.0,33.14,700067,2378697341.82,1.74,5.05
2025-10-27,34.28,34.89,35.51,34.13,998300,3517321422.08,2.95,7.21
2025-10-28,35.03,36.89,37.65,34.47,1535137,5634430539.78,5.73,11.08
2025-10-29,36.5,38.65,39.08,36.17,1358788,5135343800.55,4.77,9.81
2025-10-30,38.83,40.59,41.75,38.42,1696584,6884169469.44,5.02,12.25
2025-10-31,41.42,39.52,44.39,39.52,2179747,9253049611.54,-2.64,15.7
2025-11-03,40.33,39.96,40.92,38.4,1528599,6100885721.92,1.11,11.01
2025-11-04,40.56,39.21,41.0,38.95,1049012,4227971778.92,-1.88,7.56
2025-11-05,37.9,39.84,40.62,37.45,1199009,4739554302.34,1.61,8.64
2025-11-06,39.74,39.64,40.96,39.24,964771,3881849468.04,-0.5,6.95
2025-11-07,42.65,43.36,43.64,41.45,2247326,9686441503.1,9.38,15.71
2025-11-10,43.65,44.64,46.55,43.36,2471986,11197719765.47,2.95,17.28
2025-11-11,43.15,43.25,45.85,43.15,1767557,7845589968.38,-3.11,12.36
2025-11-12,42.15,42.56,43.15,40.15,1660930,6943043055.47,-1.6,11.61
2025-11-13,43.15,46.85,46.85,42.85,1432491,6609097393.97,10.08,10.02
2025-11-14,48.64,46.26,49.43,46.23,2314783,11120758661.33,-1.26,15.73
2025-11-17,47.02,47.24,47.9,44.95,1919918,8979246238.69,2.12,13.04
2025-11-18,46.42,42.48,46.45,42.48,1728775,7626564007.04,-10.08,11.74
2025-11-19,42.2,44.5,44.62,41.7,1577848,6827110407.35,4.76,10.72
2025-11-20,45.13,43.98,47.52,43.93,1793332,8278993605.7,-1.17,12.18
2025-11-21,41.65,39.56,42.64,39.56,1591175,6514920033.31,-10.05,10.81
2025-11-24,39.45,38.15,39.51,36.91,1288294,4959460171.01,-3.56,8.75
2025-11-25,38.15,39.83,40.25,37.38,1342437,5282977770.55,4.4,9.12
2025-11-26,39.43,39.22,39.89,38.65,861516,3408603983.06,-1.53,5.85
2025-11-27,39.15,40.29,41.25,39.15,1084193,4424796034.01,2.73,7.37
2025-11-28,40.13,40.9,41.58,39.78,930887,3831059052.12,1.51,6.32
2025-12-01,41.12,42.04,43.92,41.1,1377771,5904464255.82,2.79,9.16
2025-12-02,41.04,40.67,41.95,40.57,743816,3067769795.72,-3.26,4.94
2025-12-03,40.76,39.63,41.5,39.02,739409,2974211695.82,-2.56,4.91
2025-12-04,39.4,38.9,39.6,38.73,477015,1879944037.01,-1.84,3.17
2025-12-05,38.9,38.24,39.09,38.1,551498,2141820425.8,-1.7,3.67
2025-12-08,37.61,39.45,39.85,37.37,793501,3111417280.64,3.16,5.27
2025-12-09,39.13,39.61,40.6,38.36,704430,2817649869.48,0.41,4.68
2025-12-10,39.55,39.34,40.06,38.3,614782,2428820228.76,-0.68,4.09
2025-12-11,39.76,39.35,40.85,39.15,789215,3185014757.75,0.03,5.25
2025-12-12,39.76,37.88,39.88,36.5,1054091,4009828368.74,-3.74,7.01
2025-12-15,37.6,37.77,38.72,37.38,500244,1917229107.89,-0.29,3.33
2025-12-16,37.76,36.91,38.02,36.2,520680,1939697432.52,-2.28,3.46
2025-12-17,37.42,39.63,40.02,37.3,1163971,4571165000.61,7.37,7.74
2025-12-18,39.55,37.88,39.91,37.78,733623,2871064386.01,-4.42,4.88
2025-12-19,38.06,37.69,38.3,37.13,585433,2225234258.09,-0.5,3.89
2025-12-22,37.84,38.48,38.9,37.78,598825,2326653902.12,2.1,3.98
2025-12-23,38.72,42.12,42.36,38.55,1860996,7754116873.13,9.46,12.37
2025-12-24,42.13,43.18,44.04,42.13,1448717,6292683568.28,2.52,9.63
2025-12-25,42.26,42.68,43.16,41.67,771622,3293997600.19,-1.16,5.13
2025-12-26,43.7,45.39,46.06,42.99,1497214,6717399583.66,6.35,9.95
2025-12-29,44.65,43.65,44.87,42.57,1210769,5330825350.67,-3.83,8.05
2025-12-30,42.7,45.01,45.15,42.09,1036385,4571577166.11,3.12,6.89
2025-12-31,45.15,45.98,46.48,44.78,1134037,5222626398.53,2.16,7.54
2026-01-05,48.25,47.69,48.53,45.65,1717007,8163167222.68,3.72,11.41
2026-01-06,47.15,47.09,48.8,46.25,1394621,6648739103.14,-1.26,9.27
2026-01-07,47.1,45.14,47.64,44.65,1446305,6665891130.28,-4.14,9.61
2026-01-08,44.69,44.05,45.38,43.58,934428,4174619933.11,-2.41,6.21
2026-01-09,43.66,44.09,44.95,43.26,748673,3344263939.03,0.09,4.98
2026-01-12,44.28,43.59,45.15,42.9,986951,4341248845.54,-1.13,6.56
2026-01-13,43.61,43.25,44.67,43.0,927724,4088580055.65,-0.78,6.17
2026-01-14,42.91,42.75,43.7,42.2,868293,3757966434.21,-1.16,5.77
2026-01-15,42.38,43.81,44.68,42.21,930478,4124491401.9,2.48,6.18
2026-01-16,43.82,43.56,44.58,43.36,695341,3066418874.37,-0.57,4.62
2026-01-19,43.2,43.38,44.24,43.06,565524,2484640408.83,-0.41,3.76
2026-01-20,43.8,42.82,43.97,41.8,628318,2702848016.61,-1.29,4.18
2026-01-21,42.7,43.17,43.7,42.49,481071,2097784325.49,0.82,3.2
2026-01-22,43.22,43.29,44.2,42.89,485090,2116214707.02,0.28,3.22
2026-01-23,43.32,43.95,44.09,43.23,669766,2952771714.9,1.52,4.45
2026-01-26,44.44,43.11,44.47,43.05,609011,2675606193.15,-1.91,4.05
2026-01-27,42.87,41.3,43.3,39.46,948452,3891011864.55,-4.2,6.3
2026-01-28,41.12,41.53,41.88,40.71,537386,2232307642.61,0.56,3.57
2026-01-29,41.48,40.85,42.1,40.66,496633,2055357954.48,-1.64,3.3
2026-01-30,40.65,40.41,40.78,39.25,452791,1834364009.22,-1.08,3.01
2026-02-02,40.26,39.74,41.2,39.72,403002,1645917115.81,-1.66,2.68
2026-02-03,40.2,40.49,40.53,39.45,416218,1677350014.59,1.89,2.77
2026-02-04,40.5,40.05,40.53,39.4,336905,1351938400.74,-1.09,2.24
2026-02-05,39.79,39.05,40.15,38.85,334884,1326335592.38,-2.5,2.23
2026-02-06,38.57,41.48,42.18,38.4,889835,3684832237.21,6.22,5.91
2026-02-09,41.8,41.05,41.84,40.5,539413,2224088296.01,-1.04,3.59
2026-02-10,40.84,40.61,41.13,40.45,278420,1140556651.42,-1.07,1.85
2026-02-11,40.59,41.21,41.51,40.36,481674,1995654539.47,1.48,3.2
2026-02-12,40.7,41.7,41.85,40.2,484539,2021095626.69,1.19,3.22
2026-02-13,41.24,42.95,43.69,41.24,672987,2909170587.54,3.0,4.47
2026-02-24,43.38,43.07,44.0,42.76,533900,2325017548.13,0.28,3.55
2026-02-25,43.07,43.7,44.67,43.06,734024,3245665551.77,1.46,4.88
2026-02-26,44.38,42.09,44.38,41.91,743842,3188983328.37,-3.68,4.94
2026-02-27,41.8,41.98,42.33,41.42,413691,1743166042.0,-0.26,2.75
2026-03-02,40.84,41.09,42.09,40.75,431963,1794205890.91,-2.12,2.87
2026-03-03,41.09,40.32,41.7,40.1,518646,2135183817.0,-1.87,3.45
2026-03-04,40.06,40.25,41.05,39.79,338449,1376580789.49,-0.17,2.25
2026-03-05,40.94,41.89,42.96,40.94,692037,2929285263.38,4.07,4.6
2026-03-06,42.31,41.6,42.7,41.08,414666,1739335363.11,-0.69,2.76
2026-03-09,40.34,43.06,43.16,39.21,866607,3634127262.89,3.51,5.76
2026-03-10,44.33,44.85,45.7,44.33,1281286,5798411972.0,4.16,8.52
2026-03-11,45.25,48.49,48.93,44.68,1635641,7777545797.2,8.12,10.87
2026-03-12,47.7,48.33,48.97,47.25,1109731,5365842470.95,-0.33,7.38
2026-03-13,48.07,48.47,50.7,47.77,1279642,6341012443.03,0.29,8.51
2026-03-16,48.73,47.55,49.46,47.2,839030,4051444235.12,-1.9,5.58
2026-03-17,47.65,45.28,48.03,45.06,778341,3603033104.53,-4.77,5.17
2026-03-18,45.61,44.03,45.68,43.43,621258,2751924555.49,-2.76,4.13
2026-03-19,43.24,41.06,43.43,40.73,843468,3548552603.67,-6.75,5.61
2026-03-20,41.21,42.5,44.86,40.81,1149260,4955266276.88,3.51,7.64
2026-03-23,41.74,42.99,44.69,41.74,1059949,4624371851.37,1.15,7.05
2026-03-24,43.7,43.16,44.02,40.8,898232,3841199412.84,0.4,5.97
2026-03-25,43.49,42.96,43.57,41.88,788086,3389200009.2,-0.46,5.24
2026-03-26,42.74,44.19,45.94,42.61,1216673,5469278450.17,2.86,8.09
2026-03-27,43.6,45.81,46.58,43.33,1414491,6453344086.02,3.67,9.4
2026-03-30,46.93,47.87,48.25,45.59,1527574,7261860235.69,4.5,10.12
2026-03-31,47.2,45.7,47.68,45.4,1002658,4667414621.34,-4.53,6.64
2026-04-01,46.21,45.45,46.69,44.2,910608,4146391031.7,-0.55,6.03
2026-04-02,44.82,44.51,46.5,44.14,731651,3317637899.48,-2.07,4.85
2026-04-03,44.77,43.18,45.67,42.41,723010,3152478284.14,-2.99,4.79
2026-04-07,43.36,43.4,44.36,42.7,560030,2445874855.13,0.51,3.71
2026-04-08,43.99,44.68,45.0,43.51,781404,3498861567.7,2.95,5.18
2026-04-09,44.51,43.59,45.1,42.47,814370,3590546949.21,-2.44,5.4
2026-04-10,43.95,46.42,46.44,43.55,1535728,6997063298.3,6.49,10.18
2026-04-13,45.58,46.41,46.96,45.4,1127756,5259652521.72,-0.02,7.47
2026-04-14,46.8,49.05,49.2,46.6,1273000,6121050137.33,5.69,8.44
2026-04-15,49.05,47.7,49.69,47.17,1240710,6026078644.27,-2.75,8.22
2026-04-16,48.2,48.86,49.68,47.52,1057520,5188103494.3,2.43,7.01
2026-04-17,48.7,48.49,50.36,48.35,1137534,5631650559.46,-0.76,7.54
2026-04-20,48.2,49.35,49.35,47.28,927053,4530492389.55,1.77,6.14
2026-04-21,49.5,52.49,53.32,47.98,1593427,8145538197.12,6.36,10.56
2026-04-22,52.49,51.8,53.7,51.28,1273690,6698098520.35,-1.31,8.44
2026-04-23,51.79,49.11,52.08,48.72,1284907,6437149571.2,-5.19,8.51
2026-04-24,49.12,52.74,53.92,48.3,1553982,7951807298.63,7.39,10.3
2026-04-27,52.78,54.96,55.1,51.95,1470462,7906351813.24,4.21,9.74
2026-04-28,56.2,53.93,56.7,53.46,1618855,8934193329.75,-1.87,10.73
2026-04-29,54.12,59.32,59.32,53.58,1805744,10300775598.23,9.99,11.97
2026-04-30,59.59,60.51,61.0,58.53,1821892,10899512867.97,2.01,12.07
2026-05-06,60.58,64.0,64.98,59.13,1738414,10742790229.86,5.77,11.52
2026-05-07,63.66,62.8,63.7,61.0,1504038,9353575276.65,-1.88,9.97
2026-05-08,61.62,58.41,63.4,58.34,1753228,10577172683.97,-6.99,11.62
